--
-- PostgreSQL database dump
--

\restrict S9PqsK4KVuVV5sQDnmsLymJBE28soT4PZ92yLY8Bp14geNoGHKw36Ikw2fr3ywH

-- Dumped from database version 16.13
-- Dumped by pg_dump version 16.13

SET statement_timeout = 0;
SET lock_timeout = 0;
SET idle_in_transaction_session_timeout = 0;
SET client_encoding = 'UTF8';
SET standard_conforming_strings = on;
SELECT pg_catalog.set_config('search_path', '', false);
SET check_function_bodies = false;
SET xmloption = content;
SET client_min_messages = warning;
SET row_security = off;

SET default_tablespace = '';

SET default_table_access_method = heap;

--
-- Name: account_emailaddress; Type: TABLE; Schema: public; Owner: -
--

CREATE TABLE public.account_emailaddress (
    id integer NOT NULL,
    email character varying(254) NOT NULL,
    verified boolean NOT NULL,
    "primary" boolean NOT NULL,
    user_id bigint NOT NULL
);


--
-- Name: account_emailaddress_id_seq; Type: SEQUENCE; Schema: public; Owner: -
--

ALTER TABLE public.account_emailaddress ALTER COLUMN id ADD GENERATED BY DEFAULT AS IDENTITY (
    SEQUENCE NAME public.account_emailaddress_id_seq
    START WITH 1
    INCREMENT BY 1
    NO MINVALUE
    NO MAXVALUE
    CACHE 1
);


--
-- Name: account_emailconfirmation; Type: TABLE; Schema: public; Owner: -
--

CREATE TABLE public.account_emailconfirmation (
    id integer NOT NULL,
    created timestamp with time zone NOT NULL,
    sent timestamp with time zone,
    key character varying(64) NOT NULL,
    email_address_id integer NOT NULL
);


--
-- Name: account_emailconfirmation_id_seq; Type: SEQUENCE; Schema: public; Owner: -
--

ALTER TABLE public.account_emailconfirmation ALTER COLUMN id ADD GENERATED BY DEFAULT AS IDENTITY (
    SEQUENCE NAME public.account_emailconfirmation_id_seq
    START WITH 1
    INCREMENT BY 1
    NO MINVALUE
    NO MAXVALUE
    CACHE 1
);


--
-- Name: admin_interface_theme; Type: TABLE; Schema: public; Owner: -
--

CREATE TABLE public.admin_interface_theme (
    id integer NOT NULL,
    name character varying(50) NOT NULL,
    active boolean NOT NULL,
    title character varying(50) NOT NULL,
    title_visible boolean NOT NULL,
    logo character varying(100) NOT NULL,
    logo_visible boolean NOT NULL,
    css_header_background_color character varying(10) NOT NULL,
    title_color character varying(10) NOT NULL,
    css_header_text_color character varying(10) NOT NULL,
    css_header_link_color character varying(10) NOT NULL,
    css_header_link_hover_color character varying(10) NOT NULL,
    css_module_background_color character varying(10) NOT NULL,
    css_module_text_color character varying(10) NOT NULL,
    css_module_link_color character varying(10) NOT NULL,
    css_module_link_hover_color character varying(10) NOT NULL,
    css_module_rounded_corners boolean NOT NULL,
    css_generic_link_color character varying(10) NOT NULL,
    css_generic_link_hover_color character varying(10) NOT NULL,
    css_save_button_background_color character varying(10) NOT NULL,
    css_save_button_background_hover_color character varying(10) NOT NULL,
    css_save_button_text_color character varying(10) NOT NULL,
    css_delete_button_background_color character varying(10) NOT NULL,
    css_delete_button_background_hover_color character varying(10) NOT NULL,
    css_delete_button_text_color character varying(10) NOT NULL,
    list_filter_dropdown boolean NOT NULL,
    related_modal_active boolean NOT NULL,
    related_modal_background_color character varying(10) NOT NULL,
    related_modal_rounded_corners boolean NOT NULL,
    logo_color character varying(10) NOT NULL,
    recent_actions_visible boolean NOT NULL,
    favicon character varying(100) NOT NULL,
    related_modal_background_opacity character varying(5) NOT NULL,
    env_name character varying(50) NOT NULL,
    env_visible_in_header boolean NOT NULL,
    env_color character varying(10) NOT NULL,
    env_visible_in_favicon boolean NOT NULL,
    related_modal_close_button_visible boolean NOT NULL,
    language_chooser_active boolean NOT NULL,
    language_chooser_display character varying(10) NOT NULL,
    list_filter_sticky boolean NOT NULL,
    form_pagination_sticky boolean NOT NULL,
    form_submit_sticky boolean NOT NULL,
    css_module_background_selected_color character varying(10) NOT NULL,
    css_module_link_selected_color character varying(10) NOT NULL,
    logo_max_height smallint NOT NULL,
    logo_max_width smallint NOT NULL,
    foldable_apps boolean NOT NULL,
    language_chooser_control character varying(20) NOT NULL,
    list_filter_highlight boolean NOT NULL,
    list_filter_removal_links boolean NOT NULL,
    show_fieldsets_as_tabs boolean NOT NULL,
    show_inlines_as_tabs boolean NOT NULL,
    css_generic_link_active_color character varying(10) NOT NULL,
    collapsible_stacked_inlines boolean NOT NULL,
    collapsible_stacked_inlines_collapsed boolean NOT NULL,
    collapsible_tabular_inlines boolean NOT NULL,
    collapsible_tabular_inlines_collapsed boolean NOT NULL,
    CONSTRAINT admin_interface_theme_logo_max_height_check CHECK ((logo_max_height >= 0)),
    CONSTRAINT admin_interface_theme_logo_max_width_check CHECK ((logo_max_width >= 0))
);


--
-- Name: admin_interface_theme_id_seq; Type: SEQUENCE; Schema: public; Owner: -
--

ALTER TABLE public.admin_interface_theme ALTER COLUMN id ADD GENERATED BY DEFAULT AS IDENTITY (
    SEQUENCE NAME public.admin_interface_theme_id_seq
    START WITH 1
    INCREMENT BY 1
    NO MINVALUE
    NO MAXVALUE
    CACHE 1
);


--
-- Name: auth_group; Type: TABLE; Schema: public; Owner: -
--

CREATE TABLE public.auth_group (
    id integer NOT NULL,
    name character varying(150) NOT NULL
);


--
-- Name: auth_group_id_seq; Type: SEQUENCE; Schema: public; Owner: -
--

ALTER TABLE public.auth_group ALTER COLUMN id ADD GENERATED BY DEFAULT AS IDENTITY (
    SEQUENCE NAME public.auth_group_id_seq
    START WITH 1
    INCREMENT BY 1
    NO MINVALUE
    NO MAXVALUE
    CACHE 1
);


--
-- Name: auth_group_permissions; Type: TABLE; Schema: public; Owner: -
--

CREATE TABLE public.auth_group_permissions (
    id integer NOT NULL,
    group_id integer NOT NULL,
    permission_id integer NOT NULL
);


--
-- Name: auth_group_permissions_id_seq; Type: SEQUENCE; Schema: public; Owner: -
--

ALTER TABLE public.auth_group_permissions ALTER COLUMN id ADD GENERATED BY DEFAULT AS IDENTITY (
    SEQUENCE NAME public.auth_group_permissions_id_seq
    START WITH 1
    INCREMENT BY 1
    NO MINVALUE
    NO MAXVALUE
    CACHE 1
);


--
-- Name: auth_permission; Type: TABLE; Schema: public; Owner: -
--

CREATE TABLE public.auth_permission (
    id integer NOT NULL,
    name character varying(255) NOT NULL,
    content_type_id integer NOT NULL,
    codename character varying(100) NOT NULL
);


--
-- Name: auth_permission_id_seq; Type: SEQUENCE; Schema: public; Owner: -
--

ALTER TABLE public.auth_permission ALTER COLUMN id ADD GENERATED BY DEFAULT AS IDENTITY (
    SEQUENCE NAME public.auth_permission_id_seq
    START WITH 1
    INCREMENT BY 1
    NO MINVALUE
    NO MAXVALUE
    CACHE 1
);


--
-- Name: booking_app_bookingservice; Type: TABLE; Schema: public; Owner: -
--

CREATE TABLE public.booking_app_bookingservice (
    id bigint NOT NULL,
    title character varying(200) NOT NULL,
    description text NOT NULL,
    price numeric(10,2) NOT NULL,
    is_active boolean NOT NULL,
    created_at timestamp with time zone NOT NULL,
    owner_id bigint NOT NULL,
    image character varying(100)
);


--
-- Name: booking_app_bookingservice_id_seq; Type: SEQUENCE; Schema: public; Owner: -
--

ALTER TABLE public.booking_app_bookingservice ALTER COLUMN id ADD GENERATED BY DEFAULT AS IDENTITY (
    SEQUENCE NAME public.booking_app_bookingservice_id_seq
    START WITH 1
    INCREMENT BY 1
    NO MINVALUE
    NO MAXVALUE
    CACHE 1
);


--
-- Name: booking_app_provider; Type: TABLE; Schema: public; Owner: -
--

CREATE TABLE public.booking_app_provider (
    id bigint NOT NULL,
    name character varying(100) NOT NULL,
    is_active boolean NOT NULL,
    owner_id bigint NOT NULL,
    avatar character varying(100)
);


--
-- Name: booking_app_provider_id_seq; Type: SEQUENCE; Schema: public; Owner: -
--

ALTER TABLE public.booking_app_provider ALTER COLUMN id ADD GENERATED BY DEFAULT AS IDENTITY (
    SEQUENCE NAME public.booking_app_provider_id_seq
    START WITH 1
    INCREMENT BY 1
    NO MINVALUE
    NO MAXVALUE
    CACHE 1
);


--
-- Name: booking_app_reservation; Type: TABLE; Schema: public; Owner: -
--

CREATE TABLE public.booking_app_reservation (
    id bigint NOT NULL,
    start_time timestamp with time zone NOT NULL,
    end_time timestamp with time zone NOT NULL,
    customer_comment text NOT NULL,
    status character varying(30) NOT NULL,
    created_at timestamp with time zone NOT NULL,
    customer_id bigint NOT NULL,
    provider_id bigint,
    service_id bigint NOT NULL,
    reservation_number character varying(14),
    uuid uuid NOT NULL
);


--
-- Name: booking_app_reservation_id_seq; Type: SEQUENCE; Schema: public; Owner: -
--

ALTER TABLE public.booking_app_reservation ALTER COLUMN id ADD GENERATED BY DEFAULT AS IDENTITY (
    SEQUENCE NAME public.booking_app_reservation_id_seq
    START WITH 1
    INCREMENT BY 1
    NO MINVALUE
    NO MAXVALUE
    CACHE 1
);


--
-- Name: booking_app_workinghours; Type: TABLE; Schema: public; Owner: -
--

CREATE TABLE public.booking_app_workinghours (
    id bigint NOT NULL,
    day_of_week integer NOT NULL,
    start_time time without time zone NOT NULL,
    end_time time without time zone NOT NULL,
    is_day_off boolean NOT NULL,
    owner_id bigint NOT NULL,
    provider_id bigint
);


--
-- Name: booking_app_workinghours_id_seq; Type: SEQUENCE; Schema: public; Owner: -
--

ALTER TABLE public.booking_app_workinghours ALTER COLUMN id ADD GENERATED BY DEFAULT AS IDENTITY (
    SEQUENCE NAME public.booking_app_workinghours_id_seq
    START WITH 1
    INCREMENT BY 1
    NO MINVALUE
    NO MAXVALUE
    CACHE 1
);


--
-- Name: core_footer; Type: TABLE; Schema: public; Owner: -
--

CREATE TABLE public.core_footer (
    id bigint NOT NULL,
    text_en text NOT NULL,
    text_es text NOT NULL
);


--
-- Name: core_footer_id_seq; Type: SEQUENCE; Schema: public; Owner: -
--

ALTER TABLE public.core_footer ALTER COLUMN id ADD GENERATED BY DEFAULT AS IDENTITY (
    SEQUENCE NAME public.core_footer_id_seq
    START WITH 1
    INCREMENT BY 1
    NO MINVALUE
    NO MAXVALUE
    CACHE 1
);


--
-- Name: core_maintenance; Type: TABLE; Schema: public; Owner: -
--

CREATE TABLE public.core_maintenance (
    id bigint NOT NULL,
    is_active boolean NOT NULL,
    message_en text NOT NULL,
    message_es text NOT NULL
);


--
-- Name: core_maintenance_id_seq; Type: SEQUENCE; Schema: public; Owner: -
--

ALTER TABLE public.core_maintenance ALTER COLUMN id ADD GENERATED BY DEFAULT AS IDENTITY (
    SEQUENCE NAME public.core_maintenance_id_seq
    START WITH 1
    INCREMENT BY 1
    NO MINVALUE
    NO MAXVALUE
    CACHE 1
);


--
-- Name: core_menuitem; Type: TABLE; Schema: public; Owner: -
--

CREATE TABLE public.core_menuitem (
    id bigint NOT NULL,
    title_en character varying(100) NOT NULL,
    title_es character varying(100) NOT NULL,
    url character varying(200),
    "order" integer NOT NULL,
    linked_page_id bigint,
    parent_id bigint,
    level integer NOT NULL,
    lft integer NOT NULL,
    rght integer NOT NULL,
    tree_id integer NOT NULL,
    CONSTRAINT core_menuitem_level_check CHECK ((level >= 0)),
    CONSTRAINT core_menuitem_lft_check CHECK ((lft >= 0)),
    CONSTRAINT core_menuitem_order_check CHECK (("order" >= 0)),
    CONSTRAINT core_menuitem_rght_check CHECK ((rght >= 0)),
    CONSTRAINT core_menuitem_tree_id_check CHECK ((tree_id >= 0))
);


--
-- Name: core_menuitem_id_seq; Type: SEQUENCE; Schema: public; Owner: -
--

ALTER TABLE public.core_menuitem ALTER COLUMN id ADD GENERATED BY DEFAULT AS IDENTITY (
    SEQUENCE NAME public.core_menuitem_id_seq
    START WITH 1
    INCREMENT BY 1
    NO MINVALUE
    NO MAXVALUE
    CACHE 1
);


--
-- Name: core_page; Type: TABLE; Schema: public; Owner: -
--

CREATE TABLE public.core_page (
    id bigint NOT NULL,
    title_en character varying(200) NOT NULL,
    content_en text NOT NULL,
    slug_en character varying(200) NOT NULL,
    title_es character varying(200) NOT NULL,
    content_es text NOT NULL,
    slug_es character varying(200) NOT NULL
);


--
-- Name: core_page_id_seq; Type: SEQUENCE; Schema: public; Owner: -
--

ALTER TABLE public.core_page ALTER COLUMN id ADD GENERATED BY DEFAULT AS IDENTITY (
    SEQUENCE NAME public.core_page_id_seq
    START WITH 1
    INCREMENT BY 1
    NO MINVALUE
    NO MAXVALUE
    CACHE 1
);


--
-- Name: django_admin_log; Type: TABLE; Schema: public; Owner: -
--

CREATE TABLE public.django_admin_log (
    id integer NOT NULL,
    action_time timestamp with time zone NOT NULL,
    object_id text,
    object_repr character varying(200) NOT NULL,
    action_flag smallint NOT NULL,
    change_message text NOT NULL,
    content_type_id integer,
    user_id bigint NOT NULL,
    CONSTRAINT django_admin_log_action_flag_check CHECK ((action_flag >= 0))
);


--
-- Name: django_admin_log_id_seq; Type: SEQUENCE; Schema: public; Owner: -
--

ALTER TABLE public.django_admin_log ALTER COLUMN id ADD GENERATED BY DEFAULT AS IDENTITY (
    SEQUENCE NAME public.django_admin_log_id_seq
    START WITH 1
    INCREMENT BY 1
    NO MINVALUE
    NO MAXVALUE
    CACHE 1
);


--
-- Name: django_content_type; Type: TABLE; Schema: public; Owner: -
--

CREATE TABLE public.django_content_type (
    id integer NOT NULL,
    app_label character varying(100) NOT NULL,
    model character varying(100) NOT NULL
);


--
-- Name: django_content_type_id_seq; Type: SEQUENCE; Schema: public; Owner: -
--

ALTER TABLE public.django_content_type ALTER COLUMN id ADD GENERATED BY DEFAULT AS IDENTITY (
    SEQUENCE NAME public.django_content_type_id_seq
    START WITH 1
    INCREMENT BY 1
    NO MINVALUE
    NO MAXVALUE
    CACHE 1
);


--
-- Name: django_migrations; Type: TABLE; Schema: public; Owner: -
--

CREATE TABLE public.django_migrations (
    id integer NOT NULL,
    app character varying(255) NOT NULL,
    name character varying(255) NOT NULL,
    applied timestamp with time zone NOT NULL
);


--
-- Name: django_migrations_id_seq; Type: SEQUENCE; Schema: public; Owner: -
--

ALTER TABLE public.django_migrations ALTER COLUMN id ADD GENERATED BY DEFAULT AS IDENTITY (
    SEQUENCE NAME public.django_migrations_id_seq
    START WITH 1
    INCREMENT BY 1
    NO MINVALUE
    NO MAXVALUE
    CACHE 1
);


--
-- Name: django_session; Type: TABLE; Schema: public; Owner: -
--

CREATE TABLE public.django_session (
    session_key character varying(40) NOT NULL,
    session_data text NOT NULL,
    expire_date timestamp with time zone NOT NULL
);


--
-- Name: django_site; Type: TABLE; Schema: public; Owner: -
--

CREATE TABLE public.django_site (
    id integer NOT NULL,
    domain character varying(100) NOT NULL,
    name character varying(50) NOT NULL
);


--
-- Name: django_site_id_seq; Type: SEQUENCE; Schema: public; Owner: -
--

ALTER TABLE public.django_site ALTER COLUMN id ADD GENERATED BY DEFAULT AS IDENTITY (
    SEQUENCE NAME public.django_site_id_seq
    START WITH 1
    INCREMENT BY 1
    NO MINVALUE
    NO MAXVALUE
    CACHE 1
);


--
-- Name: profile_app_customuser; Type: TABLE; Schema: public; Owner: -
--

CREATE TABLE public.profile_app_customuser (
    id bigint NOT NULL,
    password character varying(128) NOT NULL,
    last_login timestamp with time zone,
    is_superuser boolean NOT NULL,
    username character varying(150) NOT NULL,
    first_name character varying(150) NOT NULL,
    last_name character varying(150) NOT NULL,
    email character varying(254) NOT NULL,
    is_staff boolean NOT NULL,
    is_active boolean NOT NULL,
    date_joined timestamp with time zone NOT NULL,
    is_email_verified boolean NOT NULL,
    slug character varying(255) NOT NULL,
    sku_limit integer NOT NULL,
    show_in_catalog boolean NOT NULL,
    avatar character varying(100),
    CONSTRAINT profile_app_customuser_sku_limit_check CHECK ((sku_limit >= 0))
);


--
-- Name: profile_app_customuser_groups; Type: TABLE; Schema: public; Owner: -
--

CREATE TABLE public.profile_app_customuser_groups (
    id integer NOT NULL,
    customuser_id bigint NOT NULL,
    group_id integer NOT NULL
);


--
-- Name: profile_app_customuser_groups_id_seq; Type: SEQUENCE; Schema: public; Owner: -
--

ALTER TABLE public.profile_app_customuser_groups ALTER COLUMN id ADD GENERATED BY DEFAULT AS IDENTITY (
    SEQUENCE NAME public.profile_app_customuser_groups_id_seq
    START WITH 1
    INCREMENT BY 1
    NO MINVALUE
    NO MAXVALUE
    CACHE 1
);


--
-- Name: profile_app_customuser_id_seq; Type: SEQUENCE; Schema: public; Owner: -
--

ALTER TABLE public.profile_app_customuser ALTER COLUMN id ADD GENERATED BY DEFAULT AS IDENTITY (
    SEQUENCE NAME public.profile_app_customuser_id_seq
    START WITH 1
    INCREMENT BY 1
    NO MINVALUE
    NO MAXVALUE
    CACHE 1
);


--
-- Name: profile_app_customuser_user_permissions; Type: TABLE; Schema: public; Owner: -
--

CREATE TABLE public.profile_app_customuser_user_permissions (
    id integer NOT NULL,
    customuser_id bigint NOT NULL,
    permission_id integer NOT NULL
);


--
-- Name: profile_app_customuser_user_permissions_id_seq; Type: SEQUENCE; Schema: public; Owner: -
--

ALTER TABLE public.profile_app_customuser_user_permissions ALTER COLUMN id ADD GENERATED BY DEFAULT AS IDENTITY (
    SEQUENCE NAME public.profile_app_customuser_user_permissions_id_seq
    START WITH 1
    INCREMENT BY 1
    NO MINVALUE
    NO MAXVALUE
    CACHE 1
);


--
-- Name: shop_app_cart; Type: TABLE; Schema: public; Owner: -
--

CREATE TABLE public.shop_app_cart (
    id bigint NOT NULL,
    created_at timestamp with time zone NOT NULL,
    user_id bigint NOT NULL
);


--
-- Name: shop_app_cart_id_seq; Type: SEQUENCE; Schema: public; Owner: -
--

ALTER TABLE public.shop_app_cart ALTER COLUMN id ADD GENERATED BY DEFAULT AS IDENTITY (
    SEQUENCE NAME public.shop_app_cart_id_seq
    START WITH 1
    INCREMENT BY 1
    NO MINVALUE
    NO MAXVALUE
    CACHE 1
);


--
-- Name: shop_app_cartitem; Type: TABLE; Schema: public; Owner: -
--

CREATE TABLE public.shop_app_cartitem (
    id bigint NOT NULL,
    quantity integer NOT NULL,
    added_at timestamp with time zone NOT NULL,
    cart_id bigint NOT NULL,
    product_id bigint NOT NULL,
    CONSTRAINT shop_app_cartitem_quantity_check CHECK ((quantity >= 0))
);


--
-- Name: shop_app_cartitem_id_seq; Type: SEQUENCE; Schema: public; Owner: -
--

ALTER TABLE public.shop_app_cartitem ALTER COLUMN id ADD GENERATED BY DEFAULT AS IDENTITY (
    SEQUENCE NAME public.shop_app_cartitem_id_seq
    START WITH 1
    INCREMENT BY 1
    NO MINVALUE
    NO MAXVALUE
    CACHE 1
);


--
-- Name: shop_app_order; Type: TABLE; Schema: public; Owner: -
--

CREATE TABLE public.shop_app_order (
    id bigint NOT NULL,
    customer_name character varying(100) NOT NULL,
    customer_phone character varying(50) NOT NULL,
    customer_email character varying(254) NOT NULL,
    additional_info text NOT NULL,
    created_at timestamp with time zone NOT NULL,
    buyer_id bigint NOT NULL,
    seller_id bigint NOT NULL,
    status character varying(30) NOT NULL,
    uuid uuid NOT NULL,
    order_number character varying(12)
);


--
-- Name: shop_app_order_id_seq; Type: SEQUENCE; Schema: public; Owner: -
--

ALTER TABLE public.shop_app_order ALTER COLUMN id ADD GENERATED BY DEFAULT AS IDENTITY (
    SEQUENCE NAME public.shop_app_order_id_seq
    START WITH 1
    INCREMENT BY 1
    NO MINVALUE
    NO MAXVALUE
    CACHE 1
);


--
-- Name: shop_app_ordercomment; Type: TABLE; Schema: public; Owner: -
--

CREATE TABLE public.shop_app_ordercomment (
    id bigint NOT NULL,
    text text NOT NULL,
    created_at timestamp with time zone NOT NULL,
    author_id bigint NOT NULL,
    order_id bigint NOT NULL
);


--
-- Name: shop_app_ordercomment_id_seq; Type: SEQUENCE; Schema: public; Owner: -
--

ALTER TABLE public.shop_app_ordercomment ALTER COLUMN id ADD GENERATED BY DEFAULT AS IDENTITY (
    SEQUENCE NAME public.shop_app_ordercomment_id_seq
    START WITH 1
    INCREMENT BY 1
    NO MINVALUE
    NO MAXVALUE
    CACHE 1
);


--
-- Name: shop_app_orderitem; Type: TABLE; Schema: public; Owner: -
--

CREATE TABLE public.shop_app_orderitem (
    id bigint NOT NULL,
    product_name character varying(200) NOT NULL,
    price numeric(10,2) NOT NULL,
    quantity integer NOT NULL,
    order_id bigint NOT NULL,
    product_id bigint,
    CONSTRAINT shop_app_orderitem_quantity_check CHECK ((quantity >= 0))
);


--
-- Name: shop_app_orderitem_id_seq; Type: SEQUENCE; Schema: public; Owner: -
--

ALTER TABLE public.shop_app_orderitem ALTER COLUMN id ADD GENERATED BY DEFAULT AS IDENTITY (
    SEQUENCE NAME public.shop_app_orderitem_id_seq
    START WITH 1
    INCREMENT BY 1
    NO MINVALUE
    NO MAXVALUE
    CACHE 1
);


--
-- Name: shop_app_product; Type: TABLE; Schema: public; Owner: -
--

CREATE TABLE public.shop_app_product (
    id bigint NOT NULL,
    title character varying(200) NOT NULL,
    description text NOT NULL,
    price numeric(10,2) NOT NULL,
    stock integer NOT NULL,
    is_active boolean NOT NULL,
    created_at timestamp with time zone NOT NULL,
    updated_at timestamp with time zone NOT NULL,
    owner_id bigint NOT NULL,
    CONSTRAINT shop_app_product_stock_check CHECK ((stock >= 0))
);


--
-- Name: shop_app_product_id_seq; Type: SEQUENCE; Schema: public; Owner: -
--

ALTER TABLE public.shop_app_product ALTER COLUMN id ADD GENERATED BY DEFAULT AS IDENTITY (
    SEQUENCE NAME public.shop_app_product_id_seq
    START WITH 1
    INCREMENT BY 1
    NO MINVALUE
    NO MAXVALUE
    CACHE 1
);


--
-- Name: shop_app_productimage; Type: TABLE; Schema: public; Owner: -
--

CREATE TABLE public.shop_app_productimage (
    id bigint NOT NULL,
    image character varying(100) NOT NULL,
    is_main boolean NOT NULL,
    product_id bigint NOT NULL
);


--
-- Name: shop_app_productimage_id_seq; Type: SEQUENCE; Schema: public; Owner: -
--

ALTER TABLE public.shop_app_productimage ALTER COLUMN id ADD GENERATED BY DEFAULT AS IDENTITY (
    SEQUENCE NAME public.shop_app_productimage_id_seq
    START WITH 1
    INCREMENT BY 1
    NO MINVALUE
    NO MAXVALUE
    CACHE 1
);


--
-- Name: socialaccount_socialaccount; Type: TABLE; Schema: public; Owner: -
--

CREATE TABLE public.socialaccount_socialaccount (
    id integer NOT NULL,
    provider character varying(200) NOT NULL,
    uid character varying(191) NOT NULL,
    last_login timestamp with time zone NOT NULL,
    date_joined timestamp with time zone NOT NULL,
    extra_data jsonb NOT NULL,
    user_id bigint NOT NULL
);


--
-- Name: socialaccount_socialaccount_id_seq; Type: SEQUENCE; Schema: public; Owner: -
--

ALTER TABLE public.socialaccount_socialaccount ALTER COLUMN id ADD GENERATED BY DEFAULT AS IDENTITY (
    SEQUENCE NAME public.socialaccount_socialaccount_id_seq
    START WITH 1
    INCREMENT BY 1
    NO MINVALUE
    NO MAXVALUE
    CACHE 1
);


--
-- Name: socialaccount_socialapp; Type: TABLE; Schema: public; Owner: -
--

CREATE TABLE public.socialaccount_socialapp (
    id integer NOT NULL,
    provider character varying(30) NOT NULL,
    name character varying(40) NOT NULL,
    client_id character varying(191) NOT NULL,
    secret character varying(191) NOT NULL,
    key character varying(191) NOT NULL,
    provider_id character varying(200) NOT NULL,
    settings jsonb NOT NULL
);


--
-- Name: socialaccount_socialapp_id_seq; Type: SEQUENCE; Schema: public; Owner: -
--

ALTER TABLE public.socialaccount_socialapp ALTER COLUMN id ADD GENERATED BY DEFAULT AS IDENTITY (
    SEQUENCE NAME public.socialaccount_socialapp_id_seq
    START WITH 1
    INCREMENT BY 1
    NO MINVALUE
    NO MAXVALUE
    CACHE 1
);


--
-- Name: socialaccount_socialapp_sites; Type: TABLE; Schema: public; Owner: -
--

CREATE TABLE public.socialaccount_socialapp_sites (
    id integer NOT NULL,
    socialapp_id integer NOT NULL,
    site_id integer NOT NULL
);


--
-- Name: socialaccount_socialapp_sites_id_seq; Type: SEQUENCE; Schema: public; Owner: -
--

ALTER TABLE public.socialaccount_socialapp_sites ALTER COLUMN id ADD GENERATED BY DEFAULT AS IDENTITY (
    SEQUENCE NAME public.socialaccount_socialapp_sites_id_seq
    START WITH 1
    INCREMENT BY 1
    NO MINVALUE
    NO MAXVALUE
    CACHE 1
);


--
-- Name: socialaccount_socialtoken; Type: TABLE; Schema: public; Owner: -
--

CREATE TABLE public.socialaccount_socialtoken (
    id integer NOT NULL,
    token text NOT NULL,
    token_secret text NOT NULL,
    expires_at timestamp with time zone,
    account_id integer NOT NULL,
    app_id integer
);


--
-- Name: socialaccount_socialtoken_id_seq; Type: SEQUENCE; Schema: public; Owner: -
--

ALTER TABLE public.socialaccount_socialtoken ALTER COLUMN id ADD GENERATED BY DEFAULT AS IDENTITY (
    SEQUENCE NAME public.socialaccount_socialtoken_id_seq
    START WITH 1
    INCREMENT BY 1
    NO MINVALUE
    NO MAXVALUE
    CACHE 1
);


--
-- Data for Name: account_emailaddress; Type: TABLE DATA; Schema: public; Owner: -
--

COPY public.account_emailaddress (id, email, verified, "primary", user_id) FROM stdin;
1	gxplanet@gmail.com	t	t	1
3	jewelryphotovideo@gmail.com	t	t	2
5	gsplanet@gmail.com	t	t	3
6	gsplanet3@gmail.com	t	t	4
7	test1@test.com	t	t	5
\.


--
-- Data for Name: account_emailconfirmation; Type: TABLE DATA; Schema: public; Owner: -
--

COPY public.account_emailconfirmation (id, created, sent, key, email_address_id) FROM stdin;
\.


--
-- Data for Name: admin_interface_theme; Type: TABLE DATA; Schema: public; Owner: -
--

COPY public.admin_interface_theme (id, name, active, title, title_visible, logo, logo_visible, css_header_background_color, title_color, css_header_text_color, css_header_link_color, css_header_link_hover_color, css_module_background_color, css_module_text_color, css_module_link_color, css_module_link_hover_color, css_module_rounded_corners, css_generic_link_color, css_generic_link_hover_color, css_save_button_background_color, css_save_button_background_hover_color, css_save_button_text_color, css_delete_button_background_color, css_delete_button_background_hover_color, css_delete_button_text_color, list_filter_dropdown, related_modal_active, related_modal_background_color, related_modal_rounded_corners, logo_color, recent_actions_visible, favicon, related_modal_background_opacity, env_name, env_visible_in_header, env_color, env_visible_in_favicon, related_modal_close_button_visible, language_chooser_active, language_chooser_display, list_filter_sticky, form_pagination_sticky, form_submit_sticky, css_module_background_selected_color, css_module_link_selected_color, logo_max_height, logo_max_width, foldable_apps, language_chooser_control, list_filter_highlight, list_filter_removal_links, show_fieldsets_as_tabs, show_inlines_as_tabs, css_generic_link_active_color, collapsible_stacked_inlines, collapsible_stacked_inlines_collapsed, collapsible_tabular_inlines, collapsible_tabular_inlines_collapsed) FROM stdin;
1	Django	t	Administración de Django	t		t	#0C4B33	#F5DD5D	#44B78B	#FFFFFF	#C9F0DD	#44B78B	#FFFFFF	#FFFFFF	#C9F0DD	t	#0C3C26	#156641	#0C4B33	#0C3C26	#FFFFFF	#BA2121	#A41515	#FFFFFF	t	t	#000000	t	#FFFFFF	t		0.3		t	#E74C3C	t	t	t	code	t	f	f	#FFFFCC	#FFFFFF	100	400	t	default-select	t	f	f	f	#29B864	f	t	f	t
\.


--
-- Data for Name: auth_group; Type: TABLE DATA; Schema: public; Owner: -
--

COPY public.auth_group (id, name) FROM stdin;
1	Seller
2	Blogger
3	Photographer
4	Booking
\.


--
-- Data for Name: auth_group_permissions; Type: TABLE DATA; Schema: public; Owner: -
--

COPY public.auth_group_permissions (id, group_id, permission_id) FROM stdin;
\.


--
-- Data for Name: auth_permission; Type: TABLE DATA; Schema: public; Owner: -
--

COPY public.auth_permission (id, name, content_type_id, codename) FROM stdin;
1	Can add Footer	1	add_footer
2	Can change Footer	1	change_footer
3	Can delete Footer	1	delete_footer
4	Can view Footer	1	view_footer
5	Can add Maintenance Mode	2	add_maintenance
6	Can change Maintenance Mode	2	change_maintenance
7	Can delete Maintenance Mode	2	delete_maintenance
8	Can view Maintenance Mode	2	view_maintenance
9	Can add Menu Item	3	add_menuitem
10	Can change Menu Item	3	change_menuitem
11	Can delete Menu Item	3	delete_menuitem
12	Can view Menu Item	3	view_menuitem
13	Can add Page	4	add_page
14	Can change Page	4	change_page
15	Can delete Page	4	delete_page
16	Can view Page	4	view_page
17	Can add user	5	add_customuser
18	Can change user	5	change_customuser
19	Can delete user	5	delete_customuser
20	Can view user	5	view_customuser
21	Can add Product	6	add_product
22	Can change Product	6	change_product
23	Can delete Product	6	delete_product
24	Can view Product	6	view_product
25	Can add Product Image	7	add_productimage
26	Can change Product Image	7	change_productimage
27	Can delete Product Image	7	delete_productimage
28	Can view Product Image	7	view_productimage
29	Can add Cart	8	add_cart
30	Can change Cart	8	change_cart
31	Can delete Cart	8	delete_cart
32	Can view Cart	8	view_cart
33	Can add Cart Item	9	add_cartitem
34	Can change Cart Item	9	change_cartitem
35	Can delete Cart Item	9	delete_cartitem
36	Can view Cart Item	9	view_cartitem
37	Can add Order	10	add_order
38	Can change Order	10	change_order
39	Can delete Order	10	delete_order
40	Can view Order	10	view_order
41	Can add Order Item	11	add_orderitem
42	Can change Order Item	11	change_orderitem
43	Can delete Order Item	11	delete_orderitem
44	Can view Order Item	11	view_orderitem
45	Can add Order Comment	12	add_ordercomment
46	Can change Order Comment	12	change_ordercomment
47	Can delete Order Comment	12	delete_ordercomment
48	Can view Order Comment	12	view_ordercomment
49	Can add booking service	13	add_bookingservice
50	Can change booking service	13	change_bookingservice
51	Can delete booking service	13	delete_bookingservice
52	Can view booking service	13	view_bookingservice
53	Can add provider	14	add_provider
54	Can change provider	14	change_provider
55	Can delete provider	14	delete_provider
56	Can view provider	14	view_provider
57	Can add reservation	15	add_reservation
58	Can change reservation	15	change_reservation
59	Can delete reservation	15	delete_reservation
60	Can view reservation	15	view_reservation
61	Can add working hours	16	add_workinghours
62	Can change working hours	16	change_workinghours
63	Can delete working hours	16	delete_workinghours
64	Can view working hours	16	view_workinghours
65	Can add Theme	17	add_theme
66	Can change Theme	17	change_theme
67	Can delete Theme	17	delete_theme
68	Can view Theme	17	view_theme
69	Can add log entry	18	add_logentry
70	Can change log entry	18	change_logentry
71	Can delete log entry	18	delete_logentry
72	Can view log entry	18	view_logentry
73	Can add permission	19	add_permission
74	Can change permission	19	change_permission
75	Can delete permission	19	delete_permission
76	Can view permission	19	view_permission
77	Can add group	20	add_group
78	Can change group	20	change_group
79	Can delete group	20	delete_group
80	Can view group	20	view_group
81	Can add content type	21	add_contenttype
82	Can change content type	21	change_contenttype
83	Can delete content type	21	delete_contenttype
84	Can view content type	21	view_contenttype
85	Can add session	22	add_session
86	Can change session	22	change_session
87	Can delete session	22	delete_session
88	Can view session	22	view_session
89	Can add site	23	add_site
90	Can change site	23	change_site
91	Can delete site	23	delete_site
92	Can view site	23	view_site
93	Can add email address	24	add_emailaddress
94	Can change email address	24	change_emailaddress
95	Can delete email address	24	delete_emailaddress
96	Can view email address	24	view_emailaddress
97	Can add email confirmation	25	add_emailconfirmation
98	Can change email confirmation	25	change_emailconfirmation
99	Can delete email confirmation	25	delete_emailconfirmation
100	Can view email confirmation	25	view_emailconfirmation
101	Can add social account	26	add_socialaccount
102	Can change social account	26	change_socialaccount
103	Can delete social account	26	delete_socialaccount
104	Can view social account	26	view_socialaccount
105	Can add social application	27	add_socialapp
106	Can change social application	27	change_socialapp
107	Can delete social application	27	delete_socialapp
108	Can view social application	27	view_socialapp
109	Can add social application token	28	add_socialtoken
110	Can change social application token	28	change_socialtoken
111	Can delete social application token	28	delete_socialtoken
112	Can view social application token	28	view_socialtoken
\.


--
-- Data for Name: booking_app_bookingservice; Type: TABLE DATA; Schema: public; Owner: -
--

COPY public.booking_app_bookingservice (id, title, description, price, is_active, created_at, owner_id, image) FROM stdin;
1	Haircut	Good haircut	10.00	t	2026-03-09 10:50:32.301+01	3	booking_services/c3c5ea9dc379b0ca4c0879a1fead7670.jpg
2	Dog Haircut	Pug haircut	10.00	t	2026-03-09 11:22:51.393+01	1	booking_services/rr.webp
\.


--
-- Data for Name: booking_app_provider; Type: TABLE DATA; Schema: public; Owner: -
--

COPY public.booking_app_provider (id, name, is_active, owner_id, avatar) FROM stdin;
1	Pupsik	t	3	providers/2k_sun.jpg
2	Paco Bella	t	1	providers/15527868.jpg
3	Murena Dre	t	1	providers/994119100929196002.jpg
\.


--
-- Data for Name: booking_app_reservation; Type: TABLE DATA; Schema: public; Owner: -
--

COPY public.booking_app_reservation (id, start_time, end_time, customer_comment, status, created_at, customer_id, provider_id, service_id, reservation_number, uuid) FROM stdin;
1	2026-03-09 13:00:00+01	2026-03-09 13:30:00+01	I want this.	active	2026-03-09 10:51:43.657+01	2	1	1	R-6EXBF78KAB	91006ab8-fb8f-447e-b274-301b3e45ad82
2	2026-03-10 10:00:00+01	2026-03-10 11:00:00+01	Тест Тест Тест Тест Тест Тест Тест Тест Тест Тест Тест Тест Тест Тест Тест Тест Тест Тест Тест Тест Тест Тест Тест Тест Тест Тест Тест Тест Тест Тест Тест Тест Тест Тест Тест Тест Тест Тест Тест Тест Тест Тест Тест Тест Тест Тест Тест Тест Тест Тест 	cancelled_by_customer	2026-03-09 12:59:25.806+01	3	2	2	R-KZAG195BOE	608763f0-7469-4a62-8290-c2603a791d06
3	2026-03-10 11:00:00+01	2026-03-10 12:00:00+01	тест дубля резервации	cancelled_by_seller	2026-03-09 13:13:31.957+01	2	2	2	R-T5O5OPM0R3	755ec2aa-28ad-432c-99dd-644112254b23
4	2026-03-11 12:30:00+01	2026-03-11 13:00:00+01	Нужно подравнять собачку! 	active	2026-03-10 15:19:05.344+01	4	2	2	R-8LUJCNT28X	c2ee7be5-6dce-490f-9f63-59571e079de5
5	2026-03-12 10:00:00+01	2026-03-12 10:30:00+01	Тестовая стрижка	cancelled_by_customer	2026-03-11 11:25:05.317+01	3	2	2	R-HQVPLUJU98	75a58715-3039-4b18-b440-7b17a0ac2214
6	2026-03-12 12:15:00+01	2026-03-12 12:45:00+01		cancelled_by_customer	2026-03-11 13:04:23.934+01	3	2	2	R-WPX9E0DV06	a179c6f3-7d5b-4c72-9cc9-e5c3c037dafd
7	2026-03-11 12:15:00+01	2026-03-11 12:45:00+01		cancelled_by_customer	2026-03-11 13:06:22.066+01	3	3	2	R-N3G8GX0MKT	6e7f4059-0a7b-4095-a2f8-b945e0174331
\.


--
-- Data for Name: booking_app_workinghours; Type: TABLE DATA; Schema: public; Owner: -
--

COPY public.booking_app_workinghours (id, day_of_week, start_time, end_time, is_day_off, owner_id, provider_id) FROM stdin;
1	0	09:00:00	18:00:00	f	1	2
2	1	09:00:00	18:00:00	f	1	2
3	2	09:00:00	18:00:00	f	1	2
4	3	09:00:00	18:00:00	f	1	2
5	4	09:00:00	18:00:00	f	1	2
6	5	09:00:00	18:00:00	t	1	2
7	6	09:00:00	18:00:00	t	1	2
8	0	09:00:00	18:00:00	f	1	\N
9	1	09:00:00	18:00:00	f	1	\N
10	2	09:00:00	18:00:00	f	1	\N
11	3	09:00:00	18:00:00	f	1	\N
12	4	09:00:00	18:00:00	f	1	\N
13	5	09:00:00	18:00:00	t	1	\N
14	6	09:00:00	18:00:00	t	1	\N
15	0	09:00:00	18:00:00	f	1	3
16	1	09:00:00	18:00:00	f	1	3
17	2	09:00:00	18:00:00	f	1	3
18	3	09:00:00	18:00:00	f	1	3
19	4	09:00:00	18:00:00	f	1	3
20	5	09:00:00	18:00:00	f	1	3
21	6	09:00:00	18:00:00	f	1	3
22	0	09:00:00	18:00:00	f	5	1
23	0	09:00:00	18:00:00	f	3	1
24	1	09:00:00	18:00:00	t	3	1
25	2	09:00:00	18:00:00	t	3	1
26	3	09:00:00	18:00:00	t	3	1
27	4	09:00:00	18:00:00	t	3	1
28	5	09:00:00	18:00:00	t	3	1
29	6	09:00:00	18:00:00	t	3	1
30	0	09:00:00	18:00:00	f	3	\N
31	1	09:00:00	18:00:00	f	3	\N
32	2	09:00:00	18:00:00	f	3	\N
33	3	09:00:00	18:00:00	f	3	\N
34	4	09:00:00	18:00:00	f	3	\N
35	5	09:00:00	18:00:00	f	3	\N
36	6	09:00:00	18:00:00	f	3	\N
\.


--
-- Data for Name: core_footer; Type: TABLE DATA; Schema: public; Owner: -
--

COPY public.core_footer (id, text_en, text_es) FROM stdin;
\.


--
-- Data for Name: core_maintenance; Type: TABLE DATA; Schema: public; Owner: -
--

COPY public.core_maintenance (id, is_active, message_en, message_es) FROM stdin;
\.


--
-- Data for Name: core_menuitem; Type: TABLE DATA; Schema: public; Owner: -
--

COPY public.core_menuitem (id, title_en, title_es, url, "order", linked_page_id, parent_id, level, lft, rght, tree_id) FROM stdin;
1	One	Uno	\N	0	1	\N	0	1	2	1
2	Two	Dos	\N	0	2	\N	0	1	6	2
3	Three	Tres	\N	0	3	2	1	2	5	2
4	imgtest	imgtesto	\N	0	4	3	2	3	4	2
\.


--
-- Data for Name: core_page; Type: TABLE DATA; Schema: public; Owner: -
--

COPY public.core_page (id, title_en, content_en, slug_en, title_es, content_es, slug_es) FROM stdin;
1	One	<p>One</p>	one	Uno	<p>Uno</p>	uno
2	Two	<p>Two</p>	two	Dos	<p>Dos</p>	dos
3	Three	<p>Three</p>	three	Tres	<p>Tres</p>	tres
4	imgtest	<figure class="image image-style-align-left"><img style="aspect-ratio:500/744;" src="/media/%D0%9A%D0%BE%D0%BC%D0%B8%D0%BA%D1%81%D1%8B-%D0%BB%D1%8F%D0%B3%D1%83%D1%88%D0%BA%D0%B0-%D0%BC%D0%BE%D1%88%D0%BA%D0%B0-3567961.png" width="500" height="744"></figure>	imgtest	imgteso	<p>&nbsp;</p>	imgteso
\.


--
-- Data for Name: django_admin_log; Type: TABLE DATA; Schema: public; Owner: -
--

COPY public.django_admin_log (id, action_time, object_id, object_repr, action_flag, change_message, content_type_id, user_id) FROM stdin;
1	2026-03-07 14:00:06.576+01	1	gxplanet@gmail.com	2	[{"changed": {"fields": ["Is email verified"]}}]	5	1
2	2026-03-07 14:00:46.778+01	1	One	1	[{"added": {}}]	4	1
3	2026-03-07 14:01:09.633+01	1	Uno	1	[{"added": {}}]	3	1
4	2026-03-07 14:01:40.434+01	2	Two	1	[{"added": {}}]	4	1
5	2026-03-07 14:01:58.992+01	3	Three	1	[{"added": {}}]	4	1
6	2026-03-07 14:03:42.941+01	4	imgtest	1	[{"added": {}}]	4	1
7	2026-03-07 14:04:27.605+01	2	Two	1	[{"added": {}}]	3	1
8	2026-03-07 14:04:43.024+01	3	Three	1	[{"added": {}}]	3	1
9	2026-03-07 14:04:57.332+01	4	imgtest	1	[{"added": {}}]	3	1
10	2026-03-07 14:05:00.487+01	4	imgtest	2	[{"changed": {"fields": []}}]	3	1
11	2026-03-07 14:05:02.672+01	4	imgtest	2	[{"changed": {"fields": []}}]	3	1
12	2026-03-07 14:05:05.798+01	4	imgtest	2	[{"changed": {"fields": []}}]	3	1
13	2026-03-07 14:05:36.126+01	4	imgtest	2	[{"changed": {"fields": []}}]	3	1
14	2026-03-07 14:05:48.278+01	4	imgtest	2	[{"changed": {"fields": []}}]	3	1
15	2026-03-07 14:05:52.932+01	4	imgtest	2	[{"changed": {"fields": []}}]	3	1
16	2026-03-07 14:05:55.083+01	4	↳ imgtest	2	[{"changed": {"fields": ["parent", "lft", "rght", "tree_id", "level"]}}]	3	1
17	2026-03-07 14:06:04.979+01	2	↳ Two	2	[{"changed": {"fields": ["parent", "lft", "rght", "tree_id", "level"]}}]	3	1
18	2026-03-07 14:06:12.314+01	2	Two	2	[{"changed": {"fields": ["parent", "lft", "rght", "tree_id", "level"]}}]	3	1
19	2026-03-07 14:07:03.876+01	1	gxplanet@gmail.com	2	[]	5	1
20	2026-03-07 14:08:10.446+01	1	gxplanet@gmail.com	1	[{"added": {}}]	24	1
21	2026-03-07 14:08:17.686+01	1	gxplanet@gmail.com	2	[{"changed": {"fields": ["Primary"]}}]	24	1
22	2026-03-07 14:08:46.496+01	3	Three	2	[{"changed": {"fields": []}}]	3	1
23	2026-03-07 14:09:01.961+01	3	↳ Three	2	[{"changed": {"fields": ["parent", "lft", "rght", "tree_id", "level"]}}]	3	1
24	2026-03-07 14:25:57.856+01	1	esaestu.casa	2	[{"changed": {"fields": ["Domain name", "Display name"]}}]	23	1
25	2026-03-07 14:27:56.81+01	2	127.0.0.1:8000	1	[{"added": {}}]	23	1
26	2026-03-07 14:29:35.194+01	2	127.0.0.1:8000	3		23	1
27	2026-03-07 14:30:31.743+01	1	Google	1	[{"added": {}}]	27	1
28	2026-03-07 14:54:50.641+01	1	Seller	1	[{"added": {}}]	20	1
29	2026-03-07 14:55:03.333+01	2	Blogger	1	[{"added": {}}]	20	1
30	2026-03-07 14:55:41.113+01	3	Photographer	1	[{"added": {}}]	20	1
31	2026-03-07 14:56:34.417+01	2	gsplanet@gmail.com	2	[{"changed": {"fields": ["Groups"]}}]	5	1
32	2026-03-07 15:02:51.23+01	1	gxplanet@gmail.com	2	[{"changed": {"fields": ["Groups"]}}]	5	1
33	2026-03-07 15:03:19.525+01	1	gxplanet@gmail.com	2	[{"changed": {"fields": ["User permissions"]}}]	5	1
34	2026-03-07 15:05:19.547+01	1	gxplanet@gmail.com	2	[{"changed": {"fields": ["First name", "Last name"]}}]	5	1
35	2026-03-07 15:25:38.553+01	3	jewelryphotovideo@gmail.com	2	[{"changed": {"fields": ["Groups"]}}]	5	1
36	2026-03-07 17:39:02.247+01	3	jewelryphotovideo@gmail.com	2	[{"changed": {"fields": ["SKU Limit"]}}]	5	1
37	2026-03-07 17:41:22.544+01	3	jewelryphotovideo@gmail.com	2	[]	5	1
38	2026-03-07 17:44:01.041+01	3	jewelryphotovideo@gmail.com	2	[{"changed": {"fields": ["SKU Limit"]}}]	5	1
39	2026-03-07 17:44:09.706+01	3	jewelryphotovideo@gmail.com	2	[{"changed": {"fields": ["SKU Limit"]}}]	5	1
40	2026-03-07 19:05:16.996+01	3	jewelryphotovideo@gmail.com	2	[{"changed": {"fields": ["Show in Catalog"]}}]	5	1
41	2026-03-07 19:25:37.943+01	3	jewelryphotovideo@gmail.com	2	[{"changed": {"fields": ["Avatar"]}}]	5	1
42	2026-03-07 19:26:52.216+01	3	jewelryphotovideo@gmail.com	2	[{"changed": {"fields": ["Avatar"]}}]	5	1
43	2026-03-07 19:26:59.17+01	3	jewelryphotovideo@gmail.com	2	[{"changed": {"fields": ["Avatar"]}}]	5	1
44	2026-03-08 11:10:09.009+01	4	gsplanet3@gmail.com	3		5	1
45	2026-03-08 11:10:21.743+01	2	gsplanet@gmail.com	2	[{"changed": {"fields": ["Show in Catalog"]}}]	5	1
46	2026-03-08 11:23:36.172+01	5	gsplanet@gmail.com	2	[{"changed": {"fields": ["Groups"]}}]	5	1
47	2026-03-08 11:24:23.766+01	5	gsplanet@gmail.com	2	[]	5	1
48	2026-03-08 11:27:26.824+01	5	gsplanet@gmail.com	2	[{"changed": {"fields": ["Avatar"]}}]	5	1
49	2026-03-08 11:27:39.988+01	5	gsplanet@gmail.com	2	[{"changed": {"fields": ["Groups"]}}]	5	1
50	2026-03-08 11:28:42.123+01	5	gsplanet@gmail.com	2	[{"changed": {"fields": ["Groups"]}}]	5	1
51	2026-03-08 11:34:30.038+01	5	gsplanet@gmail.com	2	[]	24	1
52	2026-03-08 11:34:44.619+01	5	gsplanet@gmail.com	2	[]	5	1
53	2026-03-08 11:37:45.324+01	1	gxplanet@gmail.com	2	[]	5	1
54	2026-03-08 11:38:24.376+01	1	gxplanet@gmail.com	2	[{"changed": {"fields": ["User permissions"]}}]	5	1
55	2026-03-08 11:38:47.38+01	1	gxplanet@gmail.com	2	[]	5	1
56	2026-03-08 11:46:49.093+01	1	gxplanet@gmail.com	2	[]	5	1
57	2026-03-08 16:18:40.57+01	6		1	[{"added": {}}]	5	1
58	2026-03-08 16:25:42.31+01	6		3		5	1
59	2026-03-08 16:26:06.639+01	7	gsplanet3@gmail.com	2	[{"changed": {"fields": ["Username", "Groups"]}}]	5	1
60	2026-03-08 16:26:52.485+01	5	gsplanet@gmail.com	2	[{"changed": {"fields": ["Username"]}}]	5	1
61	2026-03-08 16:27:10.786+01	3	jewelryphotovideo@gmail.com	2	[{"changed": {"fields": ["Username"]}}]	5	1
62	2026-03-09 10:50:32.304+01	1	Haircut (gsp)	1	[{"added": {}}]	13	1
63	2026-03-09 10:50:51.636+01	1	Pupsik (gsp)	1	[{"added": {}}]	14	1
64	2026-03-09 10:51:43.658+01	1	Booking #1 - Haircut	1	[{"added": {}}]	15	1
65	2026-03-09 11:21:12.436+01	4	Booking	1	[{"added": {}}]	20	1
66	2026-03-09 11:22:20.725+01	1	gxplanet@gmail.com	2	[{"changed": {"fields": ["Groups"]}}]	5	1
67	2026-03-09 11:24:05.463+01	1	gxplanet@gmail.com	2	[{"changed": {"fields": ["Groups"]}}]	5	1
68	2026-03-10 13:16:28.002+01	5	gsplanet@gmail.com	2	[{"changed": {"fields": ["Groups"]}}]	5	1
69	2026-03-10 13:16:57.575+01	3	jewelryphotovideo@gmail.com	2	[{"changed": {"fields": ["Groups"]}}]	5	1
70	2026-03-10 13:18:52.316+01	7	gsplanet3@gmail.com	2	[{"changed": {"fields": ["Groups"]}}]	5	1
71	2026-03-10 13:21:00.472+01	8	test1@test.com	2	[{"changed": {"fields": ["Show in Catalog"]}}]	5	1
72	2026-03-10 13:21:26.844+01	8	test1@test.com	2	[{"changed": {"fields": ["Groups"]}}]	5	1
73	2026-03-10 15:29:21.119+01	22	Pupsik - Monday	1	[{"added": {}}]	16	1
74	2026-03-12 09:22:42.462561+01	1	example.com	3		23	1
75	2026-03-12 09:41:05.437704+01	1	Google	2	[{"changed": {"fields": ["Sites"]}}]	27	1
\.


--
-- Data for Name: django_content_type; Type: TABLE DATA; Schema: public; Owner: -
--

COPY public.django_content_type (id, app_label, model) FROM stdin;
1	core	footer
2	core	maintenance
3	core	menuitem
4	core	page
5	profile_app	customuser
6	shop_app	product
7	shop_app	productimage
8	shop_app	cart
9	shop_app	cartitem
10	shop_app	order
11	shop_app	orderitem
12	shop_app	ordercomment
13	booking_app	bookingservice
14	booking_app	provider
15	booking_app	reservation
16	booking_app	workinghours
17	admin_interface	theme
18	admin	logentry
19	auth	permission
20	auth	group
21	contenttypes	contenttype
22	sessions	session
23	sites	site
24	account	emailaddress
25	account	emailconfirmation
26	socialaccount	socialaccount
27	socialaccount	socialapp
28	socialaccount	socialtoken
\.


--
-- Data for Name: django_migrations; Type: TABLE DATA; Schema: public; Owner: -
--

COPY public.django_migrations (id, app, name, applied) FROM stdin;
1	contenttypes	0001_initial	2026-03-12 09:19:49.041033+01
2	contenttypes	0002_remove_content_type_name	2026-03-12 09:19:49.043573+01
3	auth	0001_initial	2026-03-12 09:19:49.090828+01
4	auth	0002_alter_permission_name_max_length	2026-03-12 09:19:49.090828+01
5	auth	0003_alter_user_email_max_length	2026-03-12 09:19:49.101834+01
6	auth	0004_alter_user_username_opts	2026-03-12 09:19:49.104717+01
7	auth	0005_alter_user_last_login_null	2026-03-12 09:19:49.104717+01
8	auth	0006_require_contenttypes_0002	2026-03-12 09:19:49.111841+01
9	auth	0007_alter_validators_add_error_messages	2026-03-12 09:19:49.111841+01
10	auth	0008_alter_user_username_max_length	2026-03-12 09:19:49.12115+01
11	auth	0009_alter_user_last_name_max_length	2026-03-12 09:19:49.125996+01
12	auth	0010_alter_group_name_max_length	2026-03-12 09:19:49.129617+01
13	auth	0011_update_proxy_permissions	2026-03-12 09:19:49.135385+01
14	auth	0012_alter_user_first_name_max_length	2026-03-12 09:19:49.140392+01
15	profile_app	0001_initial	2026-03-12 09:19:49.202017+01
16	account	0001_initial	2026-03-12 09:19:49.244266+01
17	account	0002_email_max_length	2026-03-12 09:19:49.252026+01
18	account	0003_alter_emailaddress_create_unique_verified_email	2026-03-12 09:19:49.267728+01
19	account	0004_alter_emailaddress_drop_unique_email	2026-03-12 09:19:49.283378+01
20	account	0005_emailaddress_idx_upper_email	2026-03-12 09:19:49.29575+01
21	account	0006_emailaddress_lower	2026-03-12 09:19:49.306971+01
22	account	0007_emailaddress_idx_email	2026-03-12 09:19:49.325205+01
23	account	0008_emailaddress_unique_primary_email_fixup	2026-03-12 09:19:49.340787+01
24	account	0009_emailaddress_unique_primary_email	2026-03-12 09:19:49.34828+01
25	admin	0001_initial	2026-03-12 09:19:49.375328+01
26	admin	0002_logentry_remove_auto_add	2026-03-12 09:19:49.37832+01
27	admin	0003_logentry_add_action_flag_choices	2026-03-12 09:19:49.38798+01
28	admin_interface	0001_initial	2026-03-12 09:19:49.390118+01
29	admin_interface	0002_add_related_modal	2026-03-12 09:19:49.40763+01
30	admin_interface	0003_add_logo_color	2026-03-12 09:19:49.415931+01
31	admin_interface	0004_rename_title_color	2026-03-12 09:19:49.419424+01
32	admin_interface	0005_add_recent_actions_visible	2026-03-12 09:19:49.422917+01
33	admin_interface	0006_bytes_to_str	2026-03-12 09:19:49.461087+01
34	admin_interface	0007_add_favicon	2026-03-12 09:19:49.468855+01
35	admin_interface	0008_change_related_modal_background_opacity_type	2026-03-12 09:19:49.479071+01
36	admin_interface	0009_add_enviroment	2026-03-12 09:19:49.486652+01
37	admin_interface	0010_add_localization	2026-03-12 09:19:49.528176+01
38	admin_interface	0011_add_environment_options	2026-03-12 09:19:49.547489+01
39	admin_interface	0012_update_verbose_names	2026-03-12 09:19:49.553287+01
40	admin_interface	0013_add_related_modal_close_button	2026-03-12 09:19:49.56023+01
41	admin_interface	0014_name_unique	2026-03-12 09:19:49.569324+01
42	admin_interface	0015_add_language_chooser_active	2026-03-12 09:19:49.575751+01
43	admin_interface	0016_add_language_chooser_display	2026-03-12 09:19:49.578991+01
44	admin_interface	0017_change_list_filter_dropdown	2026-03-12 09:19:49.583917+01
45	admin_interface	0018_theme_list_filter_sticky	2026-03-12 09:19:49.588661+01
46	admin_interface	0019_add_form_sticky	2026-03-12 09:19:49.595145+01
47	admin_interface	0020_module_selected_colors	2026-03-12 09:19:49.611058+01
48	admin_interface	0021_file_extension_validator	2026-03-12 09:19:49.617968+01
49	admin_interface	0022_add_logo_max_width_and_height	2026-03-12 09:19:49.621973+01
50	admin_interface	0023_theme_foldable_apps	2026-03-12 09:19:49.630112+01
51	admin_interface	0024_remove_theme_css	2026-03-12 09:19:49.633104+01
52	admin_interface	0025_theme_language_chooser_control	2026-03-12 09:19:49.639644+01
53	admin_interface	0026_theme_list_filter_highlight	2026-03-12 09:19:49.644263+01
54	admin_interface	0027_theme_list_filter_removal_links	2026-03-12 09:19:49.645255+01
55	admin_interface	0028_theme_show_fieldsets_as_tabs_and_more	2026-03-12 09:19:49.653827+01
56	admin_interface	0029_theme_css_generic_link_active_color	2026-03-12 09:19:49.655513+01
57	admin_interface	0030_theme_collapsible_stacked_inlines_and_more	2026-03-12 09:19:49.67334+01
58	booking_app	0001_initial	2026-03-12 09:19:49.724208+01
59	booking_app	0002_workinghours	2026-03-12 09:19:49.74277+01
60	booking_app	0003_bookingservice_image_provider_avatar	2026-03-12 09:19:49.762819+01
61	booking_app	0004_reservation_reservation_number_reservation_uuid_and_more	2026-03-12 09:19:49.801454+01
62	booking_app	0005_alter_reservation_uuid	2026-03-12 09:19:49.801454+01
63	booking_app	0006_alter_provider_avatar	2026-03-12 09:19:49.823115+01
64	core	0001_initial	2026-03-12 09:19:49.856748+01
65	core	0002_menuitem_linked_page_alter_menuitem_url	2026-03-12 09:19:49.86946+01
66	core	0003_menuitem_parent_alter_menuitem_linked_page_and_more	2026-03-12 09:19:49.87978+01
67	core	0004_alter_menuitem_linked_page	2026-03-12 09:19:49.88328+01
68	core	0005_alter_page_content_en_alter_page_content_es	2026-03-12 09:19:49.889415+01
69	core	0006_alter_menuitem_options_menuitem_level_menuitem_lft_and_more	2026-03-12 09:19:49.911267+01
70	profile_app	0002_alter_customuser_email	2026-03-12 09:19:49.922512+01
71	profile_app	0003_alter_customuser_username	2026-03-12 09:19:49.937991+01
72	profile_app	0004_alter_customuser_is_active	2026-03-12 09:19:49.943276+01
73	profile_app	0005_customuser_slug	2026-03-12 09:19:49.957439+01
74	profile_app	0006_customuser_sku_limit	2026-03-12 09:19:49.973806+01
75	profile_app	0007_customuser_show_in_catalog	2026-03-12 09:19:49.984785+01
76	profile_app	0008_customuser_avatar	2026-03-12 09:19:49.995138+01
77	profile_app	0009_alter_customuser_slug	2026-03-12 09:19:50.009139+01
78	profile_app	0010_alter_customuser_slug	2026-03-12 09:19:50.022535+01
79	profile_app	0011_alter_customuser_slug	2026-03-12 09:19:50.043479+01
80	profile_app	0012_alter_customuser_avatar	2026-03-12 09:19:50.054825+01
81	sessions	0001_initial	2026-03-12 09:19:50.068559+01
82	shop_app	0001_initial	2026-03-12 09:19:50.106028+01
83	shop_app	0002_cart_cartitem	2026-03-12 09:19:50.152934+01
84	shop_app	0003_order_orderitem	2026-03-12 09:19:50.205918+01
85	shop_app	0004_order_status_ordercomment	2026-03-12 09:19:50.24709+01
86	shop_app	0005_alter_order_status	2026-03-12 09:19:50.254949+01
87	shop_app	0006_order_uuid	2026-03-12 09:19:50.272472+01
88	shop_app	0007_alter_order_uuid	2026-03-12 09:19:50.290279+01
89	shop_app	0008_order_order_number	2026-03-12 09:19:50.307164+01
90	sites	0001_initial	2026-03-12 09:19:50.312476+01
91	sites	0002_alter_domain_unique	2026-03-12 09:19:50.322061+01
92	socialaccount	0001_initial	2026-03-12 09:19:50.410999+01
93	socialaccount	0002_token_max_lengths	2026-03-12 09:19:50.434533+01
94	socialaccount	0003_extra_data_default_dict	2026-03-12 09:19:50.467844+01
95	socialaccount	0004_app_provider_id_settings	2026-03-12 09:19:50.48804+01
96	socialaccount	0005_socialtoken_nullable_app	2026-03-12 09:19:50.51861+01
97	socialaccount	0006_alter_socialaccount_extra_data	2026-03-12 09:19:50.540167+01
\.


--
-- Data for Name: django_session; Type: TABLE DATA; Schema: public; Owner: -
--

COPY public.django_session (session_key, session_data, expire_date) FROM stdin;
823kpzoaseywqv7h5y7v5xgyygt3doqc	.eJxVkMFugzAMht_FZ4SSAEnhNFXaK-wyTZFjnBINCCJB61T13VdYL71Zn35_v-UbIFHc5mxxywPPORDmEGc7cR5in6D7vMH_DB0smNJPXHsoADN00hjVnnTVVKUwQjSqLYAnDOMjerkuI86c3y47KClOcP8q4KixW-LVht0o4YU5pG-ej6o1-jCyxWUpnzSV77vrg9fgA_fnZ_ZFMGAaHtss26pW0jk2zlGlWbXCaS2dr2v2J5TSE3oyjTdK-NaQNDU3hhrkWhMeVyVOaf8EX5ew_kIn7n-tb2TT:1vzGk5:O2gyZbPtGnbLGsHGMraIp7V3kMPIBS4zhwL2g93ngAk	2026-03-22 17:12:33.121+01
ak2c8koodhdjupiwj9pqdven5ubfafgv	.eJxVj81uhDAMhN_FZ4ScH5LArfsaVYVMMAsqJRUJvSDefYGlB27WzDej8Qox-IFG8j4sU6pjosQRqnXL4F-jJfU8pcFTGsJU_3DqQ7sznyu8b6juLbBnE1TCWoUayxJzlMJJoTL4ncPf0PK8R54hPEfe2WU4GgSisoXRGoVG1MqqwknYvjI4B9RL5Lk-SQs3rSH_zdNh0Dgecn7NyE_msmP-cXvjcaVuVT3Ffu_xjI6NsrbpCulUi2XnW9kIUzqFspNGsxWSlHDkDBJxK6X1JNiUhWqKBrYXthBv5Q:1vzUxK:BP-QCXXIMlz43ZYMLuKFWx7oEQMmqty3-6ApH0A9vq4	2026-03-23 08:23:10.047+01
amjyzmp00wosbmmwjok0xf7j117g3e5r	.eJxVkMFuhDAMRP_FZ4QSCEnhVFXqL_RSVcgxzhIVEkSCutVq_71A97I3azR-4_ENkChuIfe45ZFD9oTZx9DPnMc4JOg-b_A_QwcLpvQT1wEKwAydNKYWWle1LIVpVCtMATyjn3br5bpMGDi_Xg6hpDjD_auAM6bfEq-9P4gSnjSL9M3hjFqj8xP3uCzlQ03l-8H64NU7z8Pbw_sEGDGN-zbLtlaVtJaNtVRrrlphtZbWKcXuBaV0hI5M40wlXGtIGsWNoQZZacLzqsQpHZ_g6-LX371tJVotxP0PByhl_w:1vzbWR:PSrS9Mt67no8b6V_Cq2sxxW4UzJTrPLHiCeXw5xXmLM	2026-03-23 15:23:51.134+01
eolbxney9rp4ualln5lg9kxqozpraqrw	.eJyNj9FuwzAIRf-F56ja2qxZ8rQ_sZhNXVTHjmy8Kary7yNpu6lve4N7L3C4QkmWMaC1qUYxRVCowHBdGnhoIXmOKkEtlM10gSHWEBqgETmYL8p8YovCSUMwYnQoKc_QQGEf6wSD5EoNZHKcyYqpOTyt0ClfpoCR5PDhV2Vn06jz0zlFekTXZRjM5RuzL7_iiruiaeE3bthozedsbHKbpTh4e-isbIHcDUj7DX029zP_SN5x_5Jq2ZozRdEnnkKrxZGFFdAZVP-16_b9sW37l92he3vv9-2y_ABr9ofR:1vzB3S:Q_xuRwwKDgdw-d_xS5m9fnyY1YCKUMZiu8h0v5W_IRA	2026-03-22 11:08:10.383+01
mf70r2fo2kuyhx2en4kah64ppiqwu2au	.eJxVjMsOgyAURP-FdWN4CHLdtT9CrnCJpBQThW6a_nu1ceNyzsycD0Pvl1aqe9OaYqLg6IUps7G0nG_MYauzaxutLgU2MssubEL_pHIUmPOBu1PX_TdnvXX3PVGpyWNNS3mcr4tqxm3ePSoKHQSC5pEbApRCDAAcemnlwK3fsQ9WSaUNmKFXkyajURCaCBK4Yd8fUMdGPg:1vzw49:NXrDUquj8CyrNQHnMB8VWZSwGMevTKH7HsAcyh9GSyU	2026-03-24 13:20:01.49+01
v206xzotl2dvtka9rukujhegpucquhjh	.eJxVT0tuhTAMvIvXCMUkTsjb9V2jqpBJwgOVkoqEbhB3L1C6YGfNzzMrpOgGHtm5uEy5SZlzSPBYtwL-MV5yH6Y8OM5DnJqvkPvod837Cn83PO4psHszPNAYKYikrUqjkBDrAr7n-DP4MO-WV4yvMezaZTgSUNQkNFoUAisiTWQ1wvZRwFmgWVKYm1NJcMNadp9hOggexwMurxrlqbnoVL7dZjwv1y2q59QfD2QtNbHxpHztu9bWKljToabWeuzYVS5UElEbYxWJfZrBTnArlVSt7QJsv77Db64:1vzYhc:HE0CMxtp1yZSPnG_H-akL_6GIIAxXPcVfWXsdlc5zNM	2026-03-23 12:23:12.776+01
3syo0bg05os0nqb5wx3qqs8m6ub6os7t	.eJxVjDEOwjAMRe-SGVV1msaUEYkrsEa2a6sRBaKUToi7A1IHWN9__z1dovUxpXXRmvLoDg7c7pcxyUVv36HUu-VZE5XSbHRpTlfK81lrtqzjcXP_AhMt0-etMHTBA7Mis3RR_dByjMAWgtqeAEzIBHtD39qAAhi0R-lJQxQC93oDFZk40A:1w0bb6:3vnkYmNz-4LbyrnHClZ4Opi5wkWXyLlF9ES8fLb3Ub4	2026-03-26 09:40:48.094796+01
r3n8swqbuvpb54wd5dgrszl6mzbiieq2	.eJxVj0tuhDAQRO_Sa4Tc_mHPLnONKEK2aQYUgiNsskHcPYaQBbtW1atS9QYphtFNLoS4zrlN2WVK8Nj2Cv41t-aB5jwGl8c4t1-Uh9gV5n2Dvxse9xYo2QwPbBohmLSc10Ywzriu4HuJP2NHS4m8YnxNVNh1PBqQGassGmRKN9IYpqTksH9UcA5o10RLe5Icbpp34ZPmw3DTdMj1NaM-mctO9dvtjeeVulUNLg2lx3veeYfYB009SlSBPEqN2igrhFW-N9xLLRwZFbQsizkFQ9yit0qIHvZf3vJwAA:1w0bcI:X2NISwmTwXkgX71e-dq5WwQIEUmkTJM28-sA5iXtwqA	2026-03-26 09:42:02.844979+01
etab581cdm3xb9fvk9uqmx6uui49045g	.eJxVj01uhTAMhO_iNUJJnD_eru8aVYVMMA9USioSukHcvUDpgp01881ovEKKYaCRQojLlOuUKXOCx7oV8K_Rknue8hAoD3Gqvzj3sd2Z9xX-bnjcW2DPZnhI5xCFsdaV0kqHlS_ge44_Q8vzHnnF-Bp5Z5fhaJBCoDNWayG1EBodGq9g-yjgHFAvief6JDXctIbCJ0-HQeN4yOU1ozyZy07l2-2N55W6VfWU-r0nsPBs0bmmM8pjK6outKqRtvIoVKesZicVofTkrSDiVikXSLKtDDamge0XyXtv-Q:1w0boJ:fs0ZxZGPAyrLa4J0nPdwjfbP4g_fKRMZ0yykZ_cTlJ4	2026-03-26 09:54:27.185218+01
\.


--
-- Data for Name: django_site; Type: TABLE DATA; Schema: public; Owner: -
--

COPY public.django_site (id, domain, name) FROM stdin;
2	esaestu.casa	esaestu.casa
1	127.0.0.1:8000	EsaEstu Local
\.


--
-- Data for Name: profile_app_customuser; Type: TABLE DATA; Schema: public; Owner: -
--

COPY public.profile_app_customuser (id, password, last_login, is_superuser, username, first_name, last_name, email, is_staff, is_active, date_joined, is_email_verified, slug, sku_limit, show_in_catalog, avatar) FROM stdin;
3	!beFqcNYXaOT9z1i7tZCdI3CII6ZHM1zXsBX4URWt	2026-03-09 15:54:30+01	f	gsp	Gennadii	Maliagin	gsplanet@gmail.com	f	t	2026-03-08 11:20:19+01	f	gennadii	10	t	avatars/gh.png
5	pbkdf2_sha256$1000000$VVqy8Q8gCkHlkQXDdFfvoh$OSIbujGYOVn1eV1r+JN3EVPbWdxpwlTheSEm00xpTFY=	2026-03-10 13:20:01+01	f	Zopa			test1@test.com	f	t	2026-03-10 13:19:39+01	f	zopa	10	t	avatars/77777.webp
1	pbkdf2_sha256$1000000$do1iHW6km5UkYobnK4rk5W$e9ASh7sVBCmhVan9V1ay+Np3azFEph1o+Nn1NOiL0xA=	2026-03-12 09:40:48.015267+01	t	gxplanet@gmail.com	G	M	gxplanet@gmail.com	t	t	2026-03-07 13:59:16+01	t	gxplanetgmailcom	10	t	avatars/6C5B3367.jpg
2	!LvuzwQHmkB4V5wRjAVUZcp3mBHOGttwo7gCjdq9A	2026-03-12 09:42:02.837902+01	f	jphv	G	M	jewelryphotovideo@gmail.com	f	t	2026-03-07 15:24:37+01	t	g	2	t	avatars/1.png
4	!a6YyI1LOqaVEflYMbiw6F4KyZqBBrsbQ51gzBokk	2026-03-12 09:54:27.169098+01	f	gsp3	Gennadii		gsplanet3@gmail.com	f	t	2026-03-08 16:22:59+01	f	gennadii1	10	t	avatars/untitledfhd.jpg
\.


--
-- Data for Name: profile_app_customuser_groups; Type: TABLE DATA; Schema: public; Owner: -
--

COPY public.profile_app_customuser_groups (id, customuser_id, group_id) FROM stdin;
1	1	1
2	1	4
3	2	1
4	2	4
5	3	1
6	3	4
7	4	1
8	4	4
9	5	1
\.


--
-- Data for Name: profile_app_customuser_user_permissions; Type: TABLE DATA; Schema: public; Owner: -
--

COPY public.profile_app_customuser_user_permissions (id, customuser_id, permission_id) FROM stdin;
1	1	1
2	1	2
3	1	3
4	1	4
5	1	5
6	1	6
7	1	7
8	1	8
9	1	9
10	1	10
11	1	11
12	1	12
13	1	13
14	1	14
15	1	15
16	1	16
17	1	17
18	1	18
19	1	19
20	1	20
21	1	21
22	1	22
23	1	23
24	1	24
25	1	25
26	1	26
27	1	27
28	1	28
29	1	65
30	1	66
31	1	67
32	1	68
33	1	69
34	1	70
35	1	71
36	1	72
37	1	73
38	1	74
39	1	75
40	1	76
41	1	77
42	1	78
43	1	79
44	1	80
45	1	81
46	1	82
47	1	83
48	1	84
49	1	85
50	1	86
51	1	87
52	1	88
53	1	89
54	1	90
55	1	91
56	1	92
57	1	93
58	1	94
59	1	95
60	1	96
61	1	97
62	1	98
63	1	99
64	1	100
65	1	101
66	1	102
67	1	103
68	1	104
69	1	105
70	1	106
71	1	107
72	1	108
73	1	109
74	1	110
75	1	111
76	1	112
\.


--
-- Data for Name: shop_app_cart; Type: TABLE DATA; Schema: public; Owner: -
--

COPY public.shop_app_cart (id, created_at, user_id) FROM stdin;
1	2026-03-08 12:56:51.875+01	1
2	2026-03-08 13:11:17.67+01	2
3	2026-03-08 13:18:52.848+01	3
4	2026-03-09 08:23:14.199+01	4
5	2026-03-10 13:32:33.447+01	5
\.


--
-- Data for Name: shop_app_cartitem; Type: TABLE DATA; Schema: public; Owner: -
--

COPY public.shop_app_cartitem (id, quantity, added_at, cart_id, product_id) FROM stdin;
1	23	2026-03-08 13:04:32.315+01	1	3
2	7	2026-03-08 13:04:49.825+01	1	2
4	6	2026-03-08 13:11:19.957+01	2	3
19	1	2026-03-10 13:39:47.326+01	4	6
21	1	2026-03-11 10:37:17.446+01	3	6
\.


--
-- Data for Name: shop_app_order; Type: TABLE DATA; Schema: public; Owner: -
--

COPY public.shop_app_order (id, customer_name, customer_phone, customer_email, additional_info, created_at, buyer_id, seller_id, status, uuid, order_number) FROM stdin;
1	gennadii	650456908	gsplanet@gmail.com	Dopoln info	2026-03-08 14:05:14.529+01	3	1	cancelled_by_buyer	ddafa622-5f2f-4604-a264-0b4886805cba	RH581ENC2C0M
2	gennadii	666777444	gsplanet@gmail.com	Pokupka	2026-03-08 14:16:58.742+01	3	2	cancelled_by_buyer	6df8b121-537d-4d9f-bda4-2a542113c090	LHORK4OJ14IZ
3	gennadii	777999444	gsplanet@gmail.com	fgfgrgrg	2026-03-08 14:20:02.138+01	3	3	cancelled_by_buyer	e252ec82-e359-4867-b657-d9cef8c7a6a5	LNTOMBPBWUVN
4	g	666777333	jewelryphotovideo@gmail.com	drbtbrbr	2026-03-08 14:29:48.406+01	2	3	active	49667dc9-fe62-4d24-8ed1-2d98b6aa33dc	UAXY8MSH4JT8
5	TEST G	232445323	jewelryphotovideo@gmail.com	fadggrger	2026-03-08 14:30:20.648+01	2	3	active	62f23ff4-e547-4b99-885b-4f5ac977822b	6CREHJ6HFFQQ
7	gsp3	567234987	gsplanet3@gmail.com	Пару книжек одинаковых не помешает )	2026-03-09 16:34:33.365+01	4	1	completed	2d9ed6d2-06e6-442c-91bb-0093b3d0665c	HYE9JUSVMHM9
8	gxplanet@gmail.com	692946059	gxplanet@gmail.com	Покупка gsx у gsp	2026-03-10 08:47:01.918+01	1	3	processing	37dea652-4e9e-4980-a1de-23bbcf868813	YHPI2JA73WUU
9	gsp	567223223	gsplanet@gmail.com	Dop	2026-03-11 10:13:40.305+01	3	1	cancelled_by_buyer	8cef21d7-bbbd-4918-8e43-ce5b5a44980b	OBETAILLUNBQ
10	gsp	567487389	gsplanet@gmail.com	Тетсттт	2026-03-11 10:44:17.671+01	3	1	cancelled_by_buyer	39b1fff6-bf08-4ae6-a0b9-26ba7db95874	9NW6HPBNX4B1
11	gsp	786900345	gsplanet@gmail.com	Тест на отмену	2026-03-11 11:13:54.211+01	3	1	cancelled_by_buyer	5c91fc23-d8a9-43df-b30d-4456c61b105c	NXWKY6Y1TC64
12	gsp	767676888	gsplanet@gmail.com	тщафшиаоишапр	2026-03-11 13:30:43.115+01	3	1	processing	927f7531-91c1-40f9-b9bd-e8ef0a009c58	8OTXCR2Q6RIF
6	g	345322	jewelryphotovideo@gmail.com	54546343	2026-03-08 14:38:06.542+01	2	3	cancelled_by_buyer	86536291-499b-47ec-b206-33ab1ff1e550	061T4O9PADGI
13	gxplanet@gmail.com	475663564	gxplanet@gmail.com	dfee	2026-03-12 09:44:29.512398+01	1	5	active	40f9842b-863c-49f8-a8ff-b0afb06fdfab	G1UE5A1GLE45
\.


--
-- Data for Name: shop_app_ordercomment; Type: TABLE DATA; Schema: public; Owner: -
--

COPY public.shop_app_ordercomment (id, text, created_at, author_id, order_id) FROM stdin;
1	не могу доставить, товар закончился, хотите подушку, в качестве утешительного приза?	2026-03-09 15:52:13.471+01	1	1
2	Нет, спасибо, отменяйте заказ к чертовой матери :) а подушку можете засунуть себе в жопу) До свидания! 	2026-03-09 15:55:23.044+01	3	1
3	Пошел на хер!	2026-03-09 16:21:49.841+01	1	1
4	Псст, как там мой заказ?	2026-03-09 16:35:03.923+01	4	7
5	Нормально все, жди сиди, жопа!\r\n	2026-03-10 08:43:52.028+01	1	7
6	Вижу что начал обрабатывать! и года не прошло!\r\n	2026-03-10 08:51:39.229+01	1	8
7	Попизди мне еще! Я вот заказ щас отменю и посмотрим как ты тут у меня будешь разговаривать!\r\n	2026-03-10 08:53:53.988+01	3	8
\.


--
-- Data for Name: shop_app_orderitem; Type: TABLE DATA; Schema: public; Owner: -
--

COPY public.shop_app_orderitem (id, product_name, price, quantity, order_id, product_id) FROM stdin;
1	Test	400.00	2	1	4
2	Pillow	10.00	4	2	2
3	Chair	50.00	3	2	3
4	Товар	34.00	1	3	5
5	Товар	34.00	1	4	5
6	Товар	34.00	1	5	5
7	Товар	34.00	1	6	5
8	Test	29.00	2	7	4
9	Товар	34.00	1	8	5
10	Test	29.00	1	9	4
11	Test	29.00	1	10	4
12	Test	29.00	1	11	4
13	Test	29.00	1	12	4
14	ZopaItem	11.00	1	13	6
\.


--
-- Data for Name: shop_app_product; Type: TABLE DATA; Schema: public; Owner: -
--

COPY public.shop_app_product (id, title, description, price, stock, is_active, created_at, updated_at, owner_id) FROM stdin;
2	Pillow	Little pillow	10.00	0	t	2026-03-07 17:16:08.154+01	2026-03-08 14:16:58.757+01	2
3	Chair	Wood cahir	50.00	0	t	2026-03-07 17:44:55.5+01	2026-03-08 14:16:58.772+01	2
4	Test	Test test	29.00	0	t	2026-03-08 12:22:40.583+01	2026-03-11 13:30:43.134+01	1
5	Товар	Хз что тут	34.00	1	t	2026-03-08 13:35:53.521+01	2026-03-10 08:47:01.93+01	3
6	ZopaItem	Testiruem	11.00	22	t	2026-03-10 13:22:20.48+01	2026-03-12 09:44:29.512398+01	5
\.


--
-- Data for Name: shop_app_productimage; Type: TABLE DATA; Schema: public; Owner: -
--

COPY public.shop_app_productimage (id, image, is_main, product_id) FROM stdin;
2	shop_images/2026/03/07/cigarette_smoking_boy_with_chicken_grande.jpg	t	2
3	shop_images/2026/03/07/96f.jpg	t	3
4	shop_images/2026/03/08/1.png	t	4
5	shop_images/2026/03/08/untitled.png	t	5
6	shop_images/2026/03/10/it-pennywise-i80858.jpg	t	6
\.


--
-- Data for Name: socialaccount_socialaccount; Type: TABLE DATA; Schema: public; Owner: -
--

COPY public.socialaccount_socialaccount (id, provider, uid, last_login, date_joined, extra_data, user_id) FROM stdin;
3	google	108506191001255655961	2026-03-09 15:54:30.718+01	2026-03-08 11:20:19.096+01	{"aud": "235270292738-mb9m062aj222h5968qtqaot3v1bll7dj.apps.googleusercontent.com", "azp": "235270292738-mb9m062aj222h5968qtqaot3v1bll7dj.apps.googleusercontent.com", "exp": 1773071679, "iat": 1773068079, "iss": "https://accounts.google.com", "sub": "108506191001255655961", "name": "Gennadii Maliagin", "email": "gsplanet@gmail.com", "at_hash": "1Z-74FBZaW3Vi6TWOH1Peg", "picture": "https://lh3.googleusercontent.com/a/ACg8ocJhFi47MSRMDFK0tlijKUU95rWyjnJO0NLYoGxi9if3DBgwvHK0=s96-c", "given_name": "Gennadii", "family_name": "Maliagin", "email_verified": true}	3
2	google	108959181056748805442	2026-03-12 09:42:02.815425+01	2026-03-07 15:24:37.428+01	{"aud": "235270292738-mb9m062aj222h5968qtqaot3v1bll7dj.apps.googleusercontent.com", "azp": "235270292738-mb9m062aj222h5968qtqaot3v1bll7dj.apps.googleusercontent.com", "exp": 1773308531, "iat": 1773304931, "iss": "https://accounts.google.com", "sub": "108959181056748805442", "name": "G M", "email": "jewelryphotovideo@gmail.com", "at_hash": "cf-cUYaRvudfQQrEwB_6oQ", "picture": "https://lh3.googleusercontent.com/a/ACg8ocIOulAKW8b8jKEkiBZq6BMfLSQQds9El4c0dEehe47GBpY4ObVN=s96-c", "given_name": "G", "family_name": "M", "email_verified": true}	2
4	google	100375644014004373582	2026-03-12 09:54:27.138864+01	2026-03-08 16:22:59.905+01	{"aud": "235270292738-mb9m062aj222h5968qtqaot3v1bll7dj.apps.googleusercontent.com", "azp": "235270292738-mb9m062aj222h5968qtqaot3v1bll7dj.apps.googleusercontent.com", "exp": 1773309275, "iat": 1773305675, "iss": "https://accounts.google.com", "sub": "100375644014004373582", "name": "Gennadii", "email": "gsplanet3@gmail.com", "at_hash": "3iIDJGLQG3hCutYvXy3lIw", "picture": "https://lh3.googleusercontent.com/a/ACg8ocIVwuiilve-7lkiGo4ULXdxa7u1ZvfhzCcpCa-Pb6SLWliVHF8=s96-c", "given_name": "Gennadii", "email_verified": true}	4
\.


--
-- Data for Name: socialaccount_socialapp; Type: TABLE DATA; Schema: public; Owner: -
--

COPY public.socialaccount_socialapp (id, provider, name, client_id, secret, key, provider_id, settings) FROM stdin;
1	google	Google	235270292738-mb9m062aj222h5968qtqaot3v1bll7dj.apps.googleusercontent.com	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			{}
\.


--
-- Data for Name: socialaccount_socialapp_sites; Type: TABLE DATA; Schema: public; Owner: -
--

COPY public.socialaccount_socialapp_sites (id, socialapp_id, site_id) FROM stdin;
1	1	2
2	1	1
\.


--
-- Data for Name: socialaccount_socialtoken; Type: TABLE DATA; Schema: public; Owner: -
--

COPY public.socialaccount_socialtoken (id, token, token_secret, expires_at, account_id, app_id) FROM stdin;
\.


--
-- Name: account_emailaddress_id_seq; Type: SEQUENCE SET; Schema: public; Owner: -
--

SELECT pg_catalog.setval('public.account_emailaddress_id_seq', 7, true);


--
-- Name: account_emailconfirmation_id_seq; Type: SEQUENCE SET; Schema: public; Owner: -
--

SELECT pg_catalog.setval('public.account_emailconfirmation_id_seq', 1, false);


--
-- Name: admin_interface_theme_id_seq; Type: SEQUENCE SET; Schema: public; Owner: -
--

SELECT pg_catalog.setval('public.admin_interface_theme_id_seq', 1, true);


--
-- Name: auth_group_id_seq; Type: SEQUENCE SET; Schema: public; Owner: -
--

SELECT pg_catalog.setval('public.auth_group_id_seq', 4, true);


--
-- Name: auth_group_permissions_id_seq; Type: SEQUENCE SET; Schema: public; Owner: -
--

SELECT pg_catalog.setval('public.auth_group_permissions_id_seq', 1, false);


--
-- Name: auth_permission_id_seq; Type: SEQUENCE SET; Schema: public; Owner: -
--

SELECT pg_catalog.setval('public.auth_permission_id_seq', 112, true);


--
-- Name: booking_app_bookingservice_id_seq; Type: SEQUENCE SET; Schema: public; Owner: -
--

SELECT pg_catalog.setval('public.booking_app_bookingservice_id_seq', 2, true);


--
-- Name: booking_app_provider_id_seq; Type: SEQUENCE SET; Schema: public; Owner: -
--

SELECT pg_catalog.setval('public.booking_app_provider_id_seq', 3, true);


--
-- Name: booking_app_reservation_id_seq; Type: SEQUENCE SET; Schema: public; Owner: -
--

SELECT pg_catalog.setval('public.booking_app_reservation_id_seq', 7, true);


--
-- Name: booking_app_workinghours_id_seq; Type: SEQUENCE SET; Schema: public; Owner: -
--

SELECT pg_catalog.setval('public.booking_app_workinghours_id_seq', 36, true);


--
-- Name: core_footer_id_seq; Type: SEQUENCE SET; Schema: public; Owner: -
--

SELECT pg_catalog.setval('public.core_footer_id_seq', 1, false);


--
-- Name: core_maintenance_id_seq; Type: SEQUENCE SET; Schema: public; Owner: -
--

SELECT pg_catalog.setval('public.core_maintenance_id_seq', 1, false);


--
-- Name: core_menuitem_id_seq; Type: SEQUENCE SET; Schema: public; Owner: -
--

SELECT pg_catalog.setval('public.core_menuitem_id_seq', 4, true);


--
-- Name: core_page_id_seq; Type: SEQUENCE SET; Schema: public; Owner: -
--

SELECT pg_catalog.setval('public.core_page_id_seq', 4, true);


--
-- Name: django_admin_log_id_seq; Type: SEQUENCE SET; Schema: public; Owner: -
--

SELECT pg_catalog.setval('public.django_admin_log_id_seq', 75, true);


--
-- Name: django_content_type_id_seq; Type: SEQUENCE SET; Schema: public; Owner: -
--

SELECT pg_catalog.setval('public.django_content_type_id_seq', 28, true);


--
-- Name: django_migrations_id_seq; Type: SEQUENCE SET; Schema: public; Owner: -
--

SELECT pg_catalog.setval('public.django_migrations_id_seq', 97, true);


--
-- Name: django_site_id_seq; Type: SEQUENCE SET; Schema: public; Owner: -
--

SELECT pg_catalog.setval('public.django_site_id_seq', 2, true);


--
-- Name: profile_app_customuser_groups_id_seq; Type: SEQUENCE SET; Schema: public; Owner: -
--

SELECT pg_catalog.setval('public.profile_app_customuser_groups_id_seq', 9, true);


--
-- Name: profile_app_customuser_id_seq; Type: SEQUENCE SET; Schema: public; Owner: -
--

SELECT pg_catalog.setval('public.profile_app_customuser_id_seq', 5, true);


--
-- Name: profile_app_customuser_user_permissions_id_seq; Type: SEQUENCE SET; Schema: public; Owner: -
--

SELECT pg_catalog.setval('public.profile_app_customuser_user_permissions_id_seq', 76, true);


--
-- Name: shop_app_cart_id_seq; Type: SEQUENCE SET; Schema: public; Owner: -
--

SELECT pg_catalog.setval('public.shop_app_cart_id_seq', 5, true);


--
-- Name: shop_app_cartitem_id_seq; Type: SEQUENCE SET; Schema: public; Owner: -
--

SELECT pg_catalog.setval('public.shop_app_cartitem_id_seq', 22, true);


--
-- Name: shop_app_order_id_seq; Type: SEQUENCE SET; Schema: public; Owner: -
--

SELECT pg_catalog.setval('public.shop_app_order_id_seq', 13, true);


--
-- Name: shop_app_ordercomment_id_seq; Type: SEQUENCE SET; Schema: public; Owner: -
--

SELECT pg_catalog.setval('public.shop_app_ordercomment_id_seq', 7, true);


--
-- Name: shop_app_orderitem_id_seq; Type: SEQUENCE SET; Schema: public; Owner: -
--

SELECT pg_catalog.setval('public.shop_app_orderitem_id_seq', 14, true);


--
-- Name: shop_app_product_id_seq; Type: SEQUENCE SET; Schema: public; Owner: -
--

SELECT pg_catalog.setval('public.shop_app_product_id_seq', 6, true);


--
-- Name: shop_app_productimage_id_seq; Type: SEQUENCE SET; Schema: public; Owner: -
--

SELECT pg_catalog.setval('public.shop_app_productimage_id_seq', 6, true);


--
-- Name: socialaccount_socialaccount_id_seq; Type: SEQUENCE SET; Schema: public; Owner: -
--

SELECT pg_catalog.setval('public.socialaccount_socialaccount_id_seq', 4, true);


--
-- Name: socialaccount_socialapp_id_seq; Type: SEQUENCE SET; Schema: public; Owner: -
--

SELECT pg_catalog.setval('public.socialaccount_socialapp_id_seq', 1, true);


--
-- Name: socialaccount_socialapp_sites_id_seq; Type: SEQUENCE SET; Schema: public; Owner: -
--

SELECT pg_catalog.setval('public.socialaccount_socialapp_sites_id_seq', 2, true);


--
-- Name: socialaccount_socialtoken_id_seq; Type: SEQUENCE SET; Schema: public; Owner: -
--

SELECT pg_catalog.setval('public.socialaccount_socialtoken_id_seq', 1, false);


--
-- Name: account_emailaddress account_emailaddress_pkey; Type: CONSTRAINT; Schema: public; Owner: -
--

ALTER TABLE ONLY public.account_emailaddress
    ADD CONSTRAINT account_emailaddress_pkey PRIMARY KEY (id);


--
-- Name: account_emailaddress account_emailaddress_user_id_email_987c8728_uniq; Type: CONSTRAINT; Schema: public; Owner: -
--

ALTER TABLE ONLY public.account_emailaddress
    ADD CONSTRAINT account_emailaddress_user_id_email_987c8728_uniq UNIQUE (user_id, email);


--
-- Name: account_emailconfirmation account_emailconfirmation_key_key; Type: CONSTRAINT; Schema: public; Owner: -
--

ALTER TABLE ONLY public.account_emailconfirmation
    ADD CONSTRAINT account_emailconfirmation_key_key UNIQUE (key);


--
-- Name: account_emailconfirmation account_emailconfirmation_pkey; Type: CONSTRAINT; Schema: public; Owner: -
--

ALTER TABLE ONLY public.account_emailconfirmation
    ADD CONSTRAINT account_emailconfirmation_pkey PRIMARY KEY (id);


--
-- Name: admin_interface_theme admin_interface_theme_name_30bda70f_uniq; Type: CONSTRAINT; Schema: public; Owner: -
--

ALTER TABLE ONLY public.admin_interface_theme
    ADD CONSTRAINT admin_interface_theme_name_30bda70f_uniq UNIQUE (name);


--
-- Name: admin_interface_theme admin_interface_theme_pkey; Type: CONSTRAINT; Schema: public; Owner: -
--

ALTER TABLE ONLY public.admin_interface_theme
    ADD CONSTRAINT admin_interface_theme_pkey PRIMARY KEY (id);


--
-- Name: auth_group auth_group_name_key; Type: CONSTRAINT; Schema: public; Owner: -
--

ALTER TABLE ONLY public.auth_group
    ADD CONSTRAINT auth_group_name_key UNIQUE (name);


--
-- Name: auth_group_permissions auth_group_permissions_group_id_permission_id_0cd325b0_uniq; Type: CONSTRAINT; Schema: public; Owner: -
--

ALTER TABLE ONLY public.auth_group_permissions
    ADD CONSTRAINT auth_group_permissions_group_id_permission_id_0cd325b0_uniq UNIQUE (group_id, permission_id);


--
-- Name: auth_group_permissions auth_group_permissions_pkey; Type: CONSTRAINT; Schema: public; Owner: -
--

ALTER TABLE ONLY public.auth_group_permissions
    ADD CONSTRAINT auth_group_permissions_pkey PRIMARY KEY (id);


--
-- Name: auth_group auth_group_pkey; Type: CONSTRAINT; Schema: public; Owner: -
--

ALTER TABLE ONLY public.auth_group
    ADD CONSTRAINT auth_group_pkey PRIMARY KEY (id);


--
-- Name: auth_permission auth_permission_content_type_id_codename_01ab375a_uniq; Type: CONSTRAINT; Schema: public; Owner: -
--

ALTER TABLE ONLY public.auth_permission
    ADD CONSTRAINT auth_permission_content_type_id_codename_01ab375a_uniq UNIQUE (content_type_id, codename);


--
-- Name: auth_permission auth_permission_pkey; Type: CONSTRAINT; Schema: public; Owner: -
--

ALTER TABLE ONLY public.auth_permission
    ADD CONSTRAINT auth_permission_pkey PRIMARY KEY (id);


--
-- Name: booking_app_bookingservice booking_app_bookingservice_pkey; Type: CONSTRAINT; Schema: public; Owner: -
--

ALTER TABLE ONLY public.booking_app_bookingservice
    ADD CONSTRAINT booking_app_bookingservice_pkey PRIMARY KEY (id);


--
-- Name: booking_app_provider booking_app_provider_pkey; Type: CONSTRAINT; Schema: public; Owner: -
--

ALTER TABLE ONLY public.booking_app_provider
    ADD CONSTRAINT booking_app_provider_pkey PRIMARY KEY (id);


--
-- Name: booking_app_reservation booking_app_reservation_pkey; Type: CONSTRAINT; Schema: public; Owner: -
--

ALTER TABLE ONLY public.booking_app_reservation
    ADD CONSTRAINT booking_app_reservation_pkey PRIMARY KEY (id);


--
-- Name: booking_app_reservation booking_app_reservation_reservation_number_key; Type: CONSTRAINT; Schema: public; Owner: -
--

ALTER TABLE ONLY public.booking_app_reservation
    ADD CONSTRAINT booking_app_reservation_reservation_number_key UNIQUE (reservation_number);


--
-- Name: booking_app_reservation booking_app_reservation_uuid_968d2a8d_uniq; Type: CONSTRAINT; Schema: public; Owner: -
--

ALTER TABLE ONLY public.booking_app_reservation
    ADD CONSTRAINT booking_app_reservation_uuid_968d2a8d_uniq UNIQUE (uuid);


--
-- Name: booking_app_workinghours booking_app_workinghours_owner_id_provider_id_day_6cfc4bc6_uniq; Type: CONSTRAINT; Schema: public; Owner: -
--

ALTER TABLE ONLY public.booking_app_workinghours
    ADD CONSTRAINT booking_app_workinghours_owner_id_provider_id_day_6cfc4bc6_uniq UNIQUE (owner_id, provider_id, day_of_week);


--
-- Name: booking_app_workinghours booking_app_workinghours_pkey; Type: CONSTRAINT; Schema: public; Owner: -
--

ALTER TABLE ONLY public.booking_app_workinghours
    ADD CONSTRAINT booking_app_workinghours_pkey PRIMARY KEY (id);


--
-- Name: core_footer core_footer_pkey; Type: CONSTRAINT; Schema: public; Owner: -
--

ALTER TABLE ONLY public.core_footer
    ADD CONSTRAINT core_footer_pkey PRIMARY KEY (id);


--
-- Name: core_maintenance core_maintenance_pkey; Type: CONSTRAINT; Schema: public; Owner: -
--

ALTER TABLE ONLY public.core_maintenance
    ADD CONSTRAINT core_maintenance_pkey PRIMARY KEY (id);


--
-- Name: core_menuitem core_menuitem_pkey; Type: CONSTRAINT; Schema: public; Owner: -
--

ALTER TABLE ONLY public.core_menuitem
    ADD CONSTRAINT core_menuitem_pkey PRIMARY KEY (id);


--
-- Name: core_page core_page_pkey; Type: CONSTRAINT; Schema: public; Owner: -
--

ALTER TABLE ONLY public.core_page
    ADD CONSTRAINT core_page_pkey PRIMARY KEY (id);


--
-- Name: core_page core_page_slug_en_key; Type: CONSTRAINT; Schema: public; Owner: -
--

ALTER TABLE ONLY public.core_page
    ADD CONSTRAINT core_page_slug_en_key UNIQUE (slug_en);


--
-- Name: core_page core_page_slug_es_key; Type: CONSTRAINT; Schema: public; Owner: -
--

ALTER TABLE ONLY public.core_page
    ADD CONSTRAINT core_page_slug_es_key UNIQUE (slug_es);


--
-- Name: django_admin_log django_admin_log_pkey; Type: CONSTRAINT; Schema: public; Owner: -
--

ALTER TABLE ONLY public.django_admin_log
    ADD CONSTRAINT django_admin_log_pkey PRIMARY KEY (id);


--
-- Name: django_content_type django_content_type_app_label_model_76bd3d3b_uniq; Type: CONSTRAINT; Schema: public; Owner: -
--

ALTER TABLE ONLY public.django_content_type
    ADD CONSTRAINT django_content_type_app_label_model_76bd3d3b_uniq UNIQUE (app_label, model);


--
-- Name: django_content_type django_content_type_pkey; Type: CONSTRAINT; Schema: public; Owner: -
--

ALTER TABLE ONLY public.django_content_type
    ADD CONSTRAINT django_content_type_pkey PRIMARY KEY (id);


--
-- Name: django_migrations django_migrations_pkey; Type: CONSTRAINT; Schema: public; Owner: -
--

ALTER TABLE ONLY public.django_migrations
    ADD CONSTRAINT django_migrations_pkey PRIMARY KEY (id);


--
-- Name: django_session django_session_pkey; Type: CONSTRAINT; Schema: public; Owner: -
--

ALTER TABLE ONLY public.django_session
    ADD CONSTRAINT django_session_pkey PRIMARY KEY (session_key);


--
-- Name: django_site django_site_domain_a2e37b91_uniq; Type: CONSTRAINT; Schema: public; Owner: -
--

ALTER TABLE ONLY public.django_site
    ADD CONSTRAINT django_site_domain_a2e37b91_uniq UNIQUE (domain);


--
-- Name: django_site django_site_pkey; Type: CONSTRAINT; Schema: public; Owner: -
--

ALTER TABLE ONLY public.django_site
    ADD CONSTRAINT django_site_pkey PRIMARY KEY (id);


--
-- Name: profile_app_customuser profile_app_customuser_email_3088eea4_uniq; Type: CONSTRAINT; Schema: public; Owner: -
--

ALTER TABLE ONLY public.profile_app_customuser
    ADD CONSTRAINT profile_app_customuser_email_3088eea4_uniq UNIQUE (email);


--
-- Name: profile_app_customuser_groups profile_app_customuser_g_customuser_id_group_id_b12b0e72_uniq; Type: CONSTRAINT; Schema: public; Owner: -
--

ALTER TABLE ONLY public.profile_app_customuser_groups
    ADD CONSTRAINT profile_app_customuser_g_customuser_id_group_id_b12b0e72_uniq UNIQUE (customuser_id, group_id);


--
-- Name: profile_app_customuser_groups profile_app_customuser_groups_pkey; Type: CONSTRAINT; Schema: public; Owner: -
--

ALTER TABLE ONLY public.profile_app_customuser_groups
    ADD CONSTRAINT profile_app_customuser_groups_pkey PRIMARY KEY (id);


--
-- Name: profile_app_customuser profile_app_customuser_pkey; Type: CONSTRAINT; Schema: public; Owner: -
--

ALTER TABLE ONLY public.profile_app_customuser
    ADD CONSTRAINT profile_app_customuser_pkey PRIMARY KEY (id);


--
-- Name: profile_app_customuser profile_app_customuser_slug_7243d8b8_uniq; Type: CONSTRAINT; Schema: public; Owner: -
--

ALTER TABLE ONLY public.profile_app_customuser
    ADD CONSTRAINT profile_app_customuser_slug_7243d8b8_uniq UNIQUE (slug);


--
-- Name: profile_app_customuser_user_permissions profile_app_customuser_u_customuser_id_permission_f73e3f15_uniq; Type: CONSTRAINT; Schema: public; Owner: -
--

ALTER TABLE ONLY public.profile_app_customuser_user_permissions
    ADD CONSTRAINT profile_app_customuser_u_customuser_id_permission_f73e3f15_uniq UNIQUE (customuser_id, permission_id);


--
-- Name: profile_app_customuser_user_permissions profile_app_customuser_user_permissions_pkey; Type: CONSTRAINT; Schema: public; Owner: -
--

ALTER TABLE ONLY public.profile_app_customuser_user_permissions
    ADD CONSTRAINT profile_app_customuser_user_permissions_pkey PRIMARY KEY (id);


--
-- Name: profile_app_customuser profile_app_customuser_username_key; Type: CONSTRAINT; Schema: public; Owner: -
--

ALTER TABLE ONLY public.profile_app_customuser
    ADD CONSTRAINT profile_app_customuser_username_key UNIQUE (username);


--
-- Name: shop_app_cart shop_app_cart_pkey; Type: CONSTRAINT; Schema: public; Owner: -
--

ALTER TABLE ONLY public.shop_app_cart
    ADD CONSTRAINT shop_app_cart_pkey PRIMARY KEY (id);


--
-- Name: shop_app_cart shop_app_cart_user_id_key; Type: CONSTRAINT; Schema: public; Owner: -
--

ALTER TABLE ONLY public.shop_app_cart
    ADD CONSTRAINT shop_app_cart_user_id_key UNIQUE (user_id);


--
-- Name: shop_app_cartitem shop_app_cartitem_cart_id_product_id_2a6dbd69_uniq; Type: CONSTRAINT; Schema: public; Owner: -
--

ALTER TABLE ONLY public.shop_app_cartitem
    ADD CONSTRAINT shop_app_cartitem_cart_id_product_id_2a6dbd69_uniq UNIQUE (cart_id, product_id);


--
-- Name: shop_app_cartitem shop_app_cartitem_pkey; Type: CONSTRAINT; Schema: public; Owner: -
--

ALTER TABLE ONLY public.shop_app_cartitem
    ADD CONSTRAINT shop_app_cartitem_pkey PRIMARY KEY (id);


--
-- Name: shop_app_order shop_app_order_order_number_key; Type: CONSTRAINT; Schema: public; Owner: -
--

ALTER TABLE ONLY public.shop_app_order
    ADD CONSTRAINT shop_app_order_order_number_key UNIQUE (order_number);


--
-- Name: shop_app_order shop_app_order_pkey; Type: CONSTRAINT; Schema: public; Owner: -
--

ALTER TABLE ONLY public.shop_app_order
    ADD CONSTRAINT shop_app_order_pkey PRIMARY KEY (id);


--
-- Name: shop_app_order shop_app_order_uuid_88cfd497_uniq; Type: CONSTRAINT; Schema: public; Owner: -
--

ALTER TABLE ONLY public.shop_app_order
    ADD CONSTRAINT shop_app_order_uuid_88cfd497_uniq UNIQUE (uuid);


--
-- Name: shop_app_ordercomment shop_app_ordercomment_pkey; Type: CONSTRAINT; Schema: public; Owner: -
--

ALTER TABLE ONLY public.shop_app_ordercomment
    ADD CONSTRAINT shop_app_ordercomment_pkey PRIMARY KEY (id);


--
-- Name: shop_app_orderitem shop_app_orderitem_pkey; Type: CONSTRAINT; Schema: public; Owner: -
--

ALTER TABLE ONLY public.shop_app_orderitem
    ADD CONSTRAINT shop_app_orderitem_pkey PRIMARY KEY (id);


--
-- Name: shop_app_product shop_app_product_pkey; Type: CONSTRAINT; Schema: public; Owner: -
--

ALTER TABLE ONLY public.shop_app_product
    ADD CONSTRAINT shop_app_product_pkey PRIMARY KEY (id);


--
-- Name: shop_app_productimage shop_app_productimage_pkey; Type: CONSTRAINT; Schema: public; Owner: -
--

ALTER TABLE ONLY public.shop_app_productimage
    ADD CONSTRAINT shop_app_productimage_pkey PRIMARY KEY (id);


--
-- Name: socialaccount_socialaccount socialaccount_socialaccount_pkey; Type: CONSTRAINT; Schema: public; Owner: -
--

ALTER TABLE ONLY public.socialaccount_socialaccount
    ADD CONSTRAINT socialaccount_socialaccount_pkey PRIMARY KEY (id);


--
-- Name: socialaccount_socialaccount socialaccount_socialaccount_provider_uid_fc810c6e_uniq; Type: CONSTRAINT; Schema: public; Owner: -
--

ALTER TABLE ONLY public.socialaccount_socialaccount
    ADD CONSTRAINT socialaccount_socialaccount_provider_uid_fc810c6e_uniq UNIQUE (provider, uid);


--
-- Name: socialaccount_socialapp_sites socialaccount_socialapp__socialapp_id_site_id_71a9a768_uniq; Type: CONSTRAINT; Schema: public; Owner: -
--

ALTER TABLE ONLY public.socialaccount_socialapp_sites
    ADD CONSTRAINT socialaccount_socialapp__socialapp_id_site_id_71a9a768_uniq UNIQUE (socialapp_id, site_id);


--
-- Name: socialaccount_socialapp socialaccount_socialapp_pkey; Type: CONSTRAINT; Schema: public; Owner: -
--

ALTER TABLE ONLY public.socialaccount_socialapp
    ADD CONSTRAINT socialaccount_socialapp_pkey PRIMARY KEY (id);


--
-- Name: socialaccount_socialapp_sites socialaccount_socialapp_sites_pkey; Type: CONSTRAINT; Schema: public; Owner: -
--

ALTER TABLE ONLY public.socialaccount_socialapp_sites
    ADD CONSTRAINT socialaccount_socialapp_sites_pkey PRIMARY KEY (id);


--
-- Name: socialaccount_socialtoken socialaccount_socialtoken_app_id_account_id_fca4e0ac_uniq; Type: CONSTRAINT; Schema: public; Owner: -
--

ALTER TABLE ONLY public.socialaccount_socialtoken
    ADD CONSTRAINT socialaccount_socialtoken_app_id_account_id_fca4e0ac_uniq UNIQUE (app_id, account_id);


--
-- Name: socialaccount_socialtoken socialaccount_socialtoken_pkey; Type: CONSTRAINT; Schema: public; Owner: -
--

ALTER TABLE ONLY public.socialaccount_socialtoken
    ADD CONSTRAINT socialaccount_socialtoken_pkey PRIMARY KEY (id);


--
-- Name: account_emailaddress_email_03be32b2; Type: INDEX; Schema: public; Owner: -
--

CREATE INDEX account_emailaddress_email_03be32b2 ON public.account_emailaddress USING btree (email);


--
-- Name: account_emailaddress_email_03be32b2_like; Type: INDEX; Schema: public; Owner: -
--

CREATE INDEX account_emailaddress_email_03be32b2_like ON public.account_emailaddress USING btree (email varchar_pattern_ops);


--
-- Name: account_emailaddress_user_id_2c513194; Type: INDEX; Schema: public; Owner: -
--

CREATE INDEX account_emailaddress_user_id_2c513194 ON public.account_emailaddress USING btree (user_id);


--
-- Name: account_emailconfirmation_email_address_id_5b7f8c58; Type: INDEX; Schema: public; Owner: -
--

CREATE INDEX account_emailconfirmation_email_address_id_5b7f8c58 ON public.account_emailconfirmation USING btree (email_address_id);


--
-- Name: account_emailconfirmation_key_f43612bd_like; Type: INDEX; Schema: public; Owner: -
--

CREATE INDEX account_emailconfirmation_key_f43612bd_like ON public.account_emailconfirmation USING btree (key varchar_pattern_ops);


--
-- Name: admin_interface_theme_name_30bda70f_like; Type: INDEX; Schema: public; Owner: -
--

CREATE INDEX admin_interface_theme_name_30bda70f_like ON public.admin_interface_theme USING btree (name varchar_pattern_ops);


--
-- Name: auth_group_name_a6ea08ec_like; Type: INDEX; Schema: public; Owner: -
--

CREATE INDEX auth_group_name_a6ea08ec_like ON public.auth_group USING btree (name varchar_pattern_ops);


--
-- Name: auth_group_permissions_group_id_b120cbf9; Type: INDEX; Schema: public; Owner: -
--

CREATE INDEX auth_group_permissions_group_id_b120cbf9 ON public.auth_group_permissions USING btree (group_id);


--
-- Name: auth_group_permissions_permission_id_84c5c92e; Type: INDEX; Schema: public; Owner: -
--

CREATE INDEX auth_group_permissions_permission_id_84c5c92e ON public.auth_group_permissions USING btree (permission_id);


--
-- Name: auth_permission_content_type_id_2f476e4b; Type: INDEX; Schema: public; Owner: -
--

CREATE INDEX auth_permission_content_type_id_2f476e4b ON public.auth_permission USING btree (content_type_id);


--
-- Name: booking_app_bookingservice_owner_id_880cabc1; Type: INDEX; Schema: public; Owner: -
--

CREATE INDEX booking_app_bookingservice_owner_id_880cabc1 ON public.booking_app_bookingservice USING btree (owner_id);


--
-- Name: booking_app_provider_owner_id_a5f055fe; Type: INDEX; Schema: public; Owner: -
--

CREATE INDEX booking_app_provider_owner_id_a5f055fe ON public.booking_app_provider USING btree (owner_id);


--
-- Name: booking_app_reservation_customer_id_c5bc3eb1; Type: INDEX; Schema: public; Owner: -
--

CREATE INDEX booking_app_reservation_customer_id_c5bc3eb1 ON public.booking_app_reservation USING btree (customer_id);


--
-- Name: booking_app_reservation_provider_id_dd5eff80; Type: INDEX; Schema: public; Owner: -
--

CREATE INDEX booking_app_reservation_provider_id_dd5eff80 ON public.booking_app_reservation USING btree (provider_id);


--
-- Name: booking_app_reservation_reservation_number_171855a8_like; Type: INDEX; Schema: public; Owner: -
--

CREATE INDEX booking_app_reservation_reservation_number_171855a8_like ON public.booking_app_reservation USING btree (reservation_number varchar_pattern_ops);


--
-- Name: booking_app_reservation_service_id_338d1a58; Type: INDEX; Schema: public; Owner: -
--

CREATE INDEX booking_app_reservation_service_id_338d1a58 ON public.booking_app_reservation USING btree (service_id);


--
-- Name: booking_app_workinghours_owner_id_154056ad; Type: INDEX; Schema: public; Owner: -
--

CREATE INDEX booking_app_workinghours_owner_id_154056ad ON public.booking_app_workinghours USING btree (owner_id);


--
-- Name: booking_app_workinghours_provider_id_dba15d8f; Type: INDEX; Schema: public; Owner: -
--

CREATE INDEX booking_app_workinghours_provider_id_dba15d8f ON public.booking_app_workinghours USING btree (provider_id);


--
-- Name: core_menuitem_linked_page_id_b4a1c1f1; Type: INDEX; Schema: public; Owner: -
--

CREATE INDEX core_menuitem_linked_page_id_b4a1c1f1 ON public.core_menuitem USING btree (linked_page_id);


--
-- Name: core_menuitem_parent_id_dd02175c; Type: INDEX; Schema: public; Owner: -
--

CREATE INDEX core_menuitem_parent_id_dd02175c ON public.core_menuitem USING btree (parent_id);


--
-- Name: core_menuitem_tree_id_dcb8b818; Type: INDEX; Schema: public; Owner: -
--

CREATE INDEX core_menuitem_tree_id_dcb8b818 ON public.core_menuitem USING btree (tree_id);


--
-- Name: core_page_slug_en_24bd40d5_like; Type: INDEX; Schema: public; Owner: -
--

CREATE INDEX core_page_slug_en_24bd40d5_like ON public.core_page USING btree (slug_en varchar_pattern_ops);


--
-- Name: core_page_slug_es_80eab951_like; Type: INDEX; Schema: public; Owner: -
--

CREATE INDEX core_page_slug_es_80eab951_like ON public.core_page USING btree (slug_es varchar_pattern_ops);


--
-- Name: django_admin_log_content_type_id_c4bce8eb; Type: INDEX; Schema: public; Owner: -
--

CREATE INDEX django_admin_log_content_type_id_c4bce8eb ON public.django_admin_log USING btree (content_type_id);


--
-- Name: django_admin_log_user_id_c564eba6; Type: INDEX; Schema: public; Owner: -
--

CREATE INDEX django_admin_log_user_id_c564eba6 ON public.django_admin_log USING btree (user_id);


--
-- Name: django_session_expire_date_a5c62663; Type: INDEX; Schema: public; Owner: -
--

CREATE INDEX django_session_expire_date_a5c62663 ON public.django_session USING btree (expire_date);


--
-- Name: django_session_session_key_c0390e0f_like; Type: INDEX; Schema: public; Owner: -
--

CREATE INDEX django_session_session_key_c0390e0f_like ON public.django_session USING btree (session_key varchar_pattern_ops);


--
-- Name: django_site_domain_a2e37b91_like; Type: INDEX; Schema: public; Owner: -
--

CREATE INDEX django_site_domain_a2e37b91_like ON public.django_site USING btree (domain varchar_pattern_ops);


--
-- Name: profile_app_customuser_email_3088eea4_like; Type: INDEX; Schema: public; Owner: -
--

CREATE INDEX profile_app_customuser_email_3088eea4_like ON public.profile_app_customuser USING btree (email varchar_pattern_ops);


--
-- Name: profile_app_customuser_groups_customuser_id_2858ff3e; Type: INDEX; Schema: public; Owner: -
--

CREATE INDEX profile_app_customuser_groups_customuser_id_2858ff3e ON public.profile_app_customuser_groups USING btree (customuser_id);


--
-- Name: profile_app_customuser_groups_group_id_b070e5f7; Type: INDEX; Schema: public; Owner: -
--

CREATE INDEX profile_app_customuser_groups_group_id_b070e5f7 ON public.profile_app_customuser_groups USING btree (group_id);


--
-- Name: profile_app_customuser_slug_7243d8b8_like; Type: INDEX; Schema: public; Owner: -
--

CREATE INDEX profile_app_customuser_slug_7243d8b8_like ON public.profile_app_customuser USING btree (slug varchar_pattern_ops);


--
-- Name: profile_app_customuser_user_permissions_customuser_id_49cf7db1; Type: INDEX; Schema: public; Owner: -
--

CREATE INDEX profile_app_customuser_user_permissions_customuser_id_49cf7db1 ON public.profile_app_customuser_user_permissions USING btree (customuser_id);


--
-- Name: profile_app_customuser_user_permissions_permission_id_2c567ae7; Type: INDEX; Schema: public; Owner: -
--

CREATE INDEX profile_app_customuser_user_permissions_permission_id_2c567ae7 ON public.profile_app_customuser_user_permissions USING btree (permission_id);


--
-- Name: profile_app_customuser_username_b929affa_like; Type: INDEX; Schema: public; Owner: -
--

CREATE INDEX profile_app_customuser_username_b929affa_like ON public.profile_app_customuser USING btree (username varchar_pattern_ops);


--
-- Name: shop_app_cartitem_cart_id_3c17c7b4; Type: INDEX; Schema: public; Owner: -
--

CREATE INDEX shop_app_cartitem_cart_id_3c17c7b4 ON public.shop_app_cartitem USING btree (cart_id);


--
-- Name: shop_app_cartitem_product_id_c3751e04; Type: INDEX; Schema: public; Owner: -
--

CREATE INDEX shop_app_cartitem_product_id_c3751e04 ON public.shop_app_cartitem USING btree (product_id);


--
-- Name: shop_app_order_buyer_id_e35b8744; Type: INDEX; Schema: public; Owner: -
--

CREATE INDEX shop_app_order_buyer_id_e35b8744 ON public.shop_app_order USING btree (buyer_id);


--
-- Name: shop_app_order_order_number_0d3cd54a_like; Type: INDEX; Schema: public; Owner: -
--

CREATE INDEX shop_app_order_order_number_0d3cd54a_like ON public.shop_app_order USING btree (order_number varchar_pattern_ops);


--
-- Name: shop_app_order_seller_id_4f3d33c1; Type: INDEX; Schema: public; Owner: -
--

CREATE INDEX shop_app_order_seller_id_4f3d33c1 ON public.shop_app_order USING btree (seller_id);


--
-- Name: shop_app_ordercomment_author_id_ad7d1914; Type: INDEX; Schema: public; Owner: -
--

CREATE INDEX shop_app_ordercomment_author_id_ad7d1914 ON public.shop_app_ordercomment USING btree (author_id);


--
-- Name: shop_app_ordercomment_order_id_ce1ea7f0; Type: INDEX; Schema: public; Owner: -
--

CREATE INDEX shop_app_ordercomment_order_id_ce1ea7f0 ON public.shop_app_ordercomment USING btree (order_id);


--
-- Name: shop_app_orderitem_order_id_96bb41a6; Type: INDEX; Schema: public; Owner: -
--

CREATE INDEX shop_app_orderitem_order_id_96bb41a6 ON public.shop_app_orderitem USING btree (order_id);


--
-- Name: shop_app_orderitem_product_id_2b33c773; Type: INDEX; Schema: public; Owner: -
--

CREATE INDEX shop_app_orderitem_product_id_2b33c773 ON public.shop_app_orderitem USING btree (product_id);


--
-- Name: shop_app_product_owner_id_6170f23b; Type: INDEX; Schema: public; Owner: -
--

CREATE INDEX shop_app_product_owner_id_6170f23b ON public.shop_app_product USING btree (owner_id);


--
-- Name: shop_app_productimage_product_id_ed678c68; Type: INDEX; Schema: public; Owner: -
--

CREATE INDEX shop_app_productimage_product_id_ed678c68 ON public.shop_app_productimage USING btree (product_id);


--
-- Name: socialaccount_socialaccount_user_id_8146e70c; Type: INDEX; Schema: public; Owner: -
--

CREATE INDEX socialaccount_socialaccount_user_id_8146e70c ON public.socialaccount_socialaccount USING btree (user_id);


--
-- Name: socialaccount_socialapp_sites_site_id_2579dee5; Type: INDEX; Schema: public; Owner: -
--

CREATE INDEX socialaccount_socialapp_sites_site_id_2579dee5 ON public.socialaccount_socialapp_sites USING btree (site_id);


--
-- Name: socialaccount_socialapp_sites_socialapp_id_97fb6e7d; Type: INDEX; Schema: public; Owner: -
--

CREATE INDEX socialaccount_socialapp_sites_socialapp_id_97fb6e7d ON public.socialaccount_socialapp_sites USING btree (socialapp_id);


--
-- Name: socialaccount_socialtoken_account_id_951f210e; Type: INDEX; Schema: public; Owner: -
--

CREATE INDEX socialaccount_socialtoken_account_id_951f210e ON public.socialaccount_socialtoken USING btree (account_id);


--
-- Name: socialaccount_socialtoken_app_id_636a42d7; Type: INDEX; Schema: public; Owner: -
--

CREATE INDEX socialaccount_socialtoken_app_id_636a42d7 ON public.socialaccount_socialtoken USING btree (app_id);


--
-- Name: unique_primary_email; Type: INDEX; Schema: public; Owner: -
--

CREATE UNIQUE INDEX unique_primary_email ON public.account_emailaddress USING btree (user_id, "primary") WHERE "primary";


--
-- Name: unique_verified_email; Type: INDEX; Schema: public; Owner: -
--

CREATE UNIQUE INDEX unique_verified_email ON public.account_emailaddress USING btree (email) WHERE verified;


--
-- Name: account_emailaddress account_emailaddress_user_id_2c513194_fk_profile_a; Type: FK CONSTRAINT; Schema: public; Owner: -
--

ALTER TABLE ONLY public.account_emailaddress
    ADD CONSTRAINT account_emailaddress_user_id_2c513194_fk_profile_a FOREIGN KEY (user_id) REFERENCES public.profile_app_customuser(id) DEFERRABLE INITIALLY DEFERRED;


--
-- Name: account_emailconfirmation account_emailconfirm_email_address_id_5b7f8c58_fk_account_e; Type: FK CONSTRAINT; Schema: public; Owner: -
--

ALTER TABLE ONLY public.account_emailconfirmation
    ADD CONSTRAINT account_emailconfirm_email_address_id_5b7f8c58_fk_account_e FOREIGN KEY (email_address_id) REFERENCES public.account_emailaddress(id) DEFERRABLE INITIALLY DEFERRED;


--
-- Name: auth_group_permissions auth_group_permissio_permission_id_84c5c92e_fk_auth_perm; Type: FK CONSTRAINT; Schema: public; Owner: -
--

ALTER TABLE ONLY public.auth_group_permissions
    ADD CONSTRAINT auth_group_permissio_permission_id_84c5c92e_fk_auth_perm FOREIGN KEY (permission_id) REFERENCES public.auth_permission(id) DEFERRABLE INITIALLY DEFERRED;


--
-- Name: auth_group_permissions auth_group_permissions_group_id_b120cbf9_fk_auth_group_id; Type: FK CONSTRAINT; Schema: public; Owner: -
--

ALTER TABLE ONLY public.auth_group_permissions
    ADD CONSTRAINT auth_group_permissions_group_id_b120cbf9_fk_auth_group_id FOREIGN KEY (group_id) REFERENCES public.auth_group(id) DEFERRABLE INITIALLY DEFERRED;


--
-- Name: auth_permission auth_permission_content_type_id_2f476e4b_fk_django_co; Type: FK CONSTRAINT; Schema: public; Owner: -
--

ALTER TABLE ONLY public.auth_permission
    ADD CONSTRAINT auth_permission_content_type_id_2f476e4b_fk_django_co FOREIGN KEY (content_type_id) REFERENCES public.django_content_type(id) DEFERRABLE INITIALLY DEFERRED;


--
-- Name: booking_app_bookingservice booking_app_bookings_owner_id_880cabc1_fk_profile_a; Type: FK CONSTRAINT; Schema: public; Owner: -
--

ALTER TABLE ONLY public.booking_app_bookingservice
    ADD CONSTRAINT booking_app_bookings_owner_id_880cabc1_fk_profile_a FOREIGN KEY (owner_id) REFERENCES public.profile_app_customuser(id) DEFERRABLE INITIALLY DEFERRED;


--
-- Name: booking_app_provider booking_app_provider_owner_id_a5f055fe_fk_profile_a; Type: FK CONSTRAINT; Schema: public; Owner: -
--

ALTER TABLE ONLY public.booking_app_provider
    ADD CONSTRAINT booking_app_provider_owner_id_a5f055fe_fk_profile_a FOREIGN KEY (owner_id) REFERENCES public.profile_app_customuser(id) DEFERRABLE INITIALLY DEFERRED;


--
-- Name: booking_app_reservation booking_app_reservat_customer_id_c5bc3eb1_fk_profile_a; Type: FK CONSTRAINT; Schema: public; Owner: -
--

ALTER TABLE ONLY public.booking_app_reservation
    ADD CONSTRAINT booking_app_reservat_customer_id_c5bc3eb1_fk_profile_a FOREIGN KEY (customer_id) REFERENCES public.profile_app_customuser(id) DEFERRABLE INITIALLY DEFERRED;


--
-- Name: booking_app_reservation booking_app_reservat_provider_id_dd5eff80_fk_booking_a; Type: FK CONSTRAINT; Schema: public; Owner: -
--

ALTER TABLE ONLY public.booking_app_reservation
    ADD CONSTRAINT booking_app_reservat_provider_id_dd5eff80_fk_booking_a FOREIGN KEY (provider_id) REFERENCES public.booking_app_provider(id) DEFERRABLE INITIALLY DEFERRED;


--
-- Name: booking_app_reservation booking_app_reservat_service_id_338d1a58_fk_booking_a; Type: FK CONSTRAINT; Schema: public; Owner: -
--

ALTER TABLE ONLY public.booking_app_reservation
    ADD CONSTRAINT booking_app_reservat_service_id_338d1a58_fk_booking_a FOREIGN KEY (service_id) REFERENCES public.booking_app_bookingservice(id) DEFERRABLE INITIALLY DEFERRED;


--
-- Name: booking_app_workinghours booking_app_workingh_owner_id_154056ad_fk_profile_a; Type: FK CONSTRAINT; Schema: public; Owner: -
--

ALTER TABLE ONLY public.booking_app_workinghours
    ADD CONSTRAINT booking_app_workingh_owner_id_154056ad_fk_profile_a FOREIGN KEY (owner_id) REFERENCES public.profile_app_customuser(id) DEFERRABLE INITIALLY DEFERRED;


--
-- Name: booking_app_workinghours booking_app_workingh_provider_id_dba15d8f_fk_booking_a; Type: FK CONSTRAINT; Schema: public; Owner: -
--

ALTER TABLE ONLY public.booking_app_workinghours
    ADD CONSTRAINT booking_app_workingh_provider_id_dba15d8f_fk_booking_a FOREIGN KEY (provider_id) REFERENCES public.booking_app_provider(id) DEFERRABLE INITIALLY DEFERRED;


--
-- Name: core_menuitem core_menuitem_linked_page_id_b4a1c1f1_fk_core_page_id; Type: FK CONSTRAINT; Schema: public; Owner: -
--

ALTER TABLE ONLY public.core_menuitem
    ADD CONSTRAINT core_menuitem_linked_page_id_b4a1c1f1_fk_core_page_id FOREIGN KEY (linked_page_id) REFERENCES public.core_page(id) DEFERRABLE INITIALLY DEFERRED;


--
-- Name: core_menuitem core_menuitem_parent_id_dd02175c_fk_core_menuitem_id; Type: FK CONSTRAINT; Schema: public; Owner: -
--

ALTER TABLE ONLY public.core_menuitem
    ADD CONSTRAINT core_menuitem_parent_id_dd02175c_fk_core_menuitem_id FOREIGN KEY (parent_id) REFERENCES public.core_menuitem(id) DEFERRABLE INITIALLY DEFERRED;


--
-- Name: django_admin_log django_admin_log_content_type_id_c4bce8eb_fk_django_co; Type: FK CONSTRAINT; Schema: public; Owner: -
--

ALTER TABLE ONLY public.django_admin_log
    ADD CONSTRAINT django_admin_log_content_type_id_c4bce8eb_fk_django_co FOREIGN KEY (content_type_id) REFERENCES public.django_content_type(id) DEFERRABLE INITIALLY DEFERRED;


--
-- Name: django_admin_log django_admin_log_user_id_c564eba6_fk_profile_app_customuser_id; Type: FK CONSTRAINT; Schema: public; Owner: -
--

ALTER TABLE ONLY public.django_admin_log
    ADD CONSTRAINT django_admin_log_user_id_c564eba6_fk_profile_app_customuser_id FOREIGN KEY (user_id) REFERENCES public.profile_app_customuser(id) DEFERRABLE INITIALLY DEFERRED;


--
-- Name: profile_app_customuser_groups profile_app_customus_customuser_id_2858ff3e_fk_profile_a; Type: FK CONSTRAINT; Schema: public; Owner: -
--

ALTER TABLE ONLY public.profile_app_customuser_groups
    ADD CONSTRAINT profile_app_customus_customuser_id_2858ff3e_fk_profile_a FOREIGN KEY (customuser_id) REFERENCES public.profile_app_customuser(id) DEFERRABLE INITIALLY DEFERRED;


--
-- Name: profile_app_customuser_user_permissions profile_app_customus_customuser_id_49cf7db1_fk_profile_a; Type: FK CONSTRAINT; Schema: public; Owner: -
--

ALTER TABLE ONLY public.profile_app_customuser_user_permissions
    ADD CONSTRAINT profile_app_customus_customuser_id_49cf7db1_fk_profile_a FOREIGN KEY (customuser_id) REFERENCES public.profile_app_customuser(id) DEFERRABLE INITIALLY DEFERRED;


--
-- Name: profile_app_customuser_groups profile_app_customus_group_id_b070e5f7_fk_auth_grou; Type: FK CONSTRAINT; Schema: public; Owner: -
--

ALTER TABLE ONLY public.profile_app_customuser_groups
    ADD CONSTRAINT profile_app_customus_group_id_b070e5f7_fk_auth_grou FOREIGN KEY (group_id) REFERENCES public.auth_group(id) DEFERRABLE INITIALLY DEFERRED;


--
-- Name: profile_app_customuser_user_permissions profile_app_customus_permission_id_2c567ae7_fk_auth_perm; Type: FK CONSTRAINT; Schema: public; Owner: -
--

ALTER TABLE ONLY public.profile_app_customuser_user_permissions
    ADD CONSTRAINT profile_app_customus_permission_id_2c567ae7_fk_auth_perm FOREIGN KEY (permission_id) REFERENCES public.auth_permission(id) DEFERRABLE INITIALLY DEFERRED;


--
-- Name: shop_app_cart shop_app_cart_user_id_fc291a02_fk_profile_app_customuser_id; Type: FK CONSTRAINT; Schema: public; Owner: -
--

ALTER TABLE ONLY public.shop_app_cart
    ADD CONSTRAINT shop_app_cart_user_id_fc291a02_fk_profile_app_customuser_id FOREIGN KEY (user_id) REFERENCES public.profile_app_customuser(id) DEFERRABLE INITIALLY DEFERRED;


--
-- Name: shop_app_cartitem shop_app_cartitem_cart_id_3c17c7b4_fk_shop_app_cart_id; Type: FK CONSTRAINT; Schema: public; Owner: -
--

ALTER TABLE ONLY public.shop_app_cartitem
    ADD CONSTRAINT shop_app_cartitem_cart_id_3c17c7b4_fk_shop_app_cart_id FOREIGN KEY (cart_id) REFERENCES public.shop_app_cart(id) DEFERRABLE INITIALLY DEFERRED;


--
-- Name: shop_app_cartitem shop_app_cartitem_product_id_c3751e04_fk_shop_app_product_id; Type: FK CONSTRAINT; Schema: public; Owner: -
--

ALTER TABLE ONLY public.shop_app_cartitem
    ADD CONSTRAINT shop_app_cartitem_product_id_c3751e04_fk_shop_app_product_id FOREIGN KEY (product_id) REFERENCES public.shop_app_product(id) DEFERRABLE INITIALLY DEFERRED;


--
-- Name: shop_app_order shop_app_order_buyer_id_e35b8744_fk_profile_app_customuser_id; Type: FK CONSTRAINT; Schema: public; Owner: -
--

ALTER TABLE ONLY public.shop_app_order
    ADD CONSTRAINT shop_app_order_buyer_id_e35b8744_fk_profile_app_customuser_id FOREIGN KEY (buyer_id) REFERENCES public.profile_app_customuser(id) DEFERRABLE INITIALLY DEFERRED;


--
-- Name: shop_app_order shop_app_order_seller_id_4f3d33c1_fk_profile_app_customuser_id; Type: FK CONSTRAINT; Schema: public; Owner: -
--

ALTER TABLE ONLY public.shop_app_order
    ADD CONSTRAINT shop_app_order_seller_id_4f3d33c1_fk_profile_app_customuser_id FOREIGN KEY (seller_id) REFERENCES public.profile_app_customuser(id) DEFERRABLE INITIALLY DEFERRED;


--
-- Name: shop_app_ordercomment shop_app_ordercommen_author_id_ad7d1914_fk_profile_a; Type: FK CONSTRAINT; Schema: public; Owner: -
--

ALTER TABLE ONLY public.shop_app_ordercomment
    ADD CONSTRAINT shop_app_ordercommen_author_id_ad7d1914_fk_profile_a FOREIGN KEY (author_id) REFERENCES public.profile_app_customuser(id) DEFERRABLE INITIALLY DEFERRED;


--
-- Name: shop_app_ordercomment shop_app_ordercomment_order_id_ce1ea7f0_fk_shop_app_order_id; Type: FK CONSTRAINT; Schema: public; Owner: -
--

ALTER TABLE ONLY public.shop_app_ordercomment
    ADD CONSTRAINT shop_app_ordercomment_order_id_ce1ea7f0_fk_shop_app_order_id FOREIGN KEY (order_id) REFERENCES public.shop_app_order(id) DEFERRABLE INITIALLY DEFERRED;


--
-- Name: shop_app_orderitem shop_app_orderitem_order_id_96bb41a6_fk_shop_app_order_id; Type: FK CONSTRAINT; Schema: public; Owner: -
--

ALTER TABLE ONLY public.shop_app_orderitem
    ADD CONSTRAINT shop_app_orderitem_order_id_96bb41a6_fk_shop_app_order_id FOREIGN KEY (order_id) REFERENCES public.shop_app_order(id) DEFERRABLE INITIALLY DEFERRED;


--
-- Name: shop_app_orderitem shop_app_orderitem_product_id_2b33c773_fk_shop_app_product_id; Type: FK CONSTRAINT; Schema: public; Owner: -
--

ALTER TABLE ONLY public.shop_app_orderitem
    ADD CONSTRAINT shop_app_orderitem_product_id_2b33c773_fk_shop_app_product_id FOREIGN KEY (product_id) REFERENCES public.shop_app_product(id) DEFERRABLE INITIALLY DEFERRED;


--
-- Name: shop_app_product shop_app_product_owner_id_6170f23b_fk_profile_app_customuser_id; Type: FK CONSTRAINT; Schema: public; Owner: -
--

ALTER TABLE ONLY public.shop_app_product
    ADD CONSTRAINT shop_app_product_owner_id_6170f23b_fk_profile_app_customuser_id FOREIGN KEY (owner_id) REFERENCES public.profile_app_customuser(id) DEFERRABLE INITIALLY DEFERRED;


--
-- Name: shop_app_productimage shop_app_productimag_product_id_ed678c68_fk_shop_app_; Type: FK CONSTRAINT; Schema: public; Owner: -
--

ALTER TABLE ONLY public.shop_app_productimage
    ADD CONSTRAINT shop_app_productimag_product_id_ed678c68_fk_shop_app_ FOREIGN KEY (product_id) REFERENCES public.shop_app_product(id) DEFERRABLE INITIALLY DEFERRED;


--
-- Name: socialaccount_socialtoken socialaccount_social_account_id_951f210e_fk_socialacc; Type: FK CONSTRAINT; Schema: public; Owner: -
--

ALTER TABLE ONLY public.socialaccount_socialtoken
    ADD CONSTRAINT socialaccount_social_account_id_951f210e_fk_socialacc FOREIGN KEY (account_id) REFERENCES public.socialaccount_socialaccount(id) DEFERRABLE INITIALLY DEFERRED;


--
-- Name: socialaccount_socialtoken socialaccount_social_app_id_636a42d7_fk_socialacc; Type: FK CONSTRAINT; Schema: public; Owner: -
--

ALTER TABLE ONLY public.socialaccount_socialtoken
    ADD CONSTRAINT socialaccount_social_app_id_636a42d7_fk_socialacc FOREIGN KEY (app_id) REFERENCES public.socialaccount_socialapp(id) DEFERRABLE INITIALLY DEFERRED;


--
-- Name: socialaccount_socialapp_sites socialaccount_social_site_id_2579dee5_fk_django_si; Type: FK CONSTRAINT; Schema: public; Owner: -
--

ALTER TABLE ONLY public.socialaccount_socialapp_sites
    ADD CONSTRAINT socialaccount_social_site_id_2579dee5_fk_django_si FOREIGN KEY (site_id) REFERENCES public.django_site(id) DEFERRABLE INITIALLY DEFERRED;


--
-- Name: socialaccount_socialapp_sites socialaccount_social_socialapp_id_97fb6e7d_fk_socialacc; Type: FK CONSTRAINT; Schema: public; Owner: -
--

ALTER TABLE ONLY public.socialaccount_socialapp_sites
    ADD CONSTRAINT socialaccount_social_socialapp_id_97fb6e7d_fk_socialacc FOREIGN KEY (socialapp_id) REFERENCES public.socialaccount_socialapp(id) DEFERRABLE INITIALLY DEFERRED;


--
-- Name: socialaccount_socialaccount socialaccount_social_user_id_8146e70c_fk_profile_a; Type: FK CONSTRAINT; Schema: public; Owner: -
--

ALTER TABLE ONLY public.socialaccount_socialaccount
    ADD CONSTRAINT socialaccount_social_user_id_8146e70c_fk_profile_a FOREIGN KEY (user_id) REFERENCES public.profile_app_customuser(id) DEFERRABLE INITIALLY DEFERRED;


--
-- PostgreSQL database dump complete
--

\unrestrict S9PqsK4KVuVV5sQDnmsLymJBE28soT4PZ92yLY8Bp14geNoGHKw36Ikw2fr3ywH

